{
    "CompleterNpc": "Ivan",
    "NextQuestId": -1,
    "RandomReward": 0b,
    "QuestRepeat": 0,
    "QuestCompletion": 0,
    "IgnoreNBT": 0b,
    "Title": "Ivan1",
    "Text": "Investigar la base pillager... ¿ocultaran mas cosas?",
    "QuestFactionPoints": {
        "DecreaseFaction1Points": 0b,
        "OptionFaction2Points": 10,
        "OptionFactions1": 3,
        "OptionFactions2": 5,
        "OptionFaction1Points": 10,
        "DecreaseFaction2Points": 1b
    },
    "RewardExp": 0,
    "QuestCommand": "",
    "ModRev": 18,
    "Type": 0,
    "QuestMail": {
        "Sender": "",
        "BeenRead": 0b,
        "Message": {
        },
        "MailItems": [
        ],
        "MailQuest": -1,
        "TimePast": 1716659632230L,
        "Time": 0L,
        "Subject": ""
    },
    "IgnoreDamage": 0b,
    "Rewards": {
        "NpcMiscInv": [
            {
                "Slot": 0b,
                "ForgeCaps": {
                    "customnpcs:itemscripteddata": {
                    }
                },
                "id": "decocraft:coin_pile_copper",
                "Count": 40b
            }
        ]
    },
    "Items": {
        "NpcMiscInv": [
            {
                "Slot": 0b,
                "ForgeCaps": {
                    "customnpcs:itemscripteddata": {
                    }
                },
                "id": "minecraft:written_book",
                "Count": 1b,
                "tag": {
                    "filtered_title": "O c s",
                    "pages": [
                        "{\"text\":\"Hemos encontrado a una raza peculiar, primero encontramos a esos seres humanoides, hasta cierto punto muy parecido a nosotros, pero no iguales en lo absoluto, volviendo a esta raza peculiar, parecen ser brutos, con mucho caracter, fuertes y muy salvajes-\"}",
                        "{\"text\":\"hasta cierto punto pueden dar miedo, estos estan ubicados en el desierto, parece que tienen una piel verde muy resistente a las altas temperaturas, hay que tener cuidado con ellos!!!\\n\\nSus coordenadas son:\\n\\n-1873 72 . . . . . . . . . \"}"
                    ],
                    "title": "O c s",
                    "author": "Darknows"
                }
            }
        ]
    },
    "LeaveItems": 0b,
    "CompleteText": "Muy bien hecho... es hora de empezar la busqueda.. de los ORCOS"
}
