{
    "TransportData": [
    ],
    "NpcsTimers": [
    ],
    "FactionData": [
        {
            "Points": 2000,
            "Faction": 0
        }
    ],
    "BankData": [
    ],
    "ItemGiversList": [
    ],
    "QuestData": {
        "CompletedQuests": [
            {
                "Quest": 2,
                "Date": 1910632L
            }
        ],
        "ActiveQuests": [
        ]
    },
    "PlayerCompanionId": 0,
    "DialogData": [
        {
            "Dialog": 5
        },
        {
            "Dialog": 8
        },
        {
            "Dialog": 9
        }
    ],
    "ItemGiverChained": [
    ],
    "MailData": [
    ],
    "PlayerName": "CharckCock404LoL",
    "UUID": "58d74409-a2ac-301c-bba6-7a53932c02f4",
    "ScriptStoreddata": {
    }
}
