{
    "TransportData": [
    ],
    "NpcsTimers": [
    ],
    "FactionData": [
        {
            "Points": 2000,
            "Faction": 0
        },
        {
            "Points": 1000,
            "Faction": 3
        }
    ],
    "BankData": [
    ],
    "ItemGiversList": [
    ],
    "QuestData": {
        "CompletedQuests": [
            {
                "Quest": 2,
                "Date": 1904180L
            },
            {
                "Quest": 3,
                "Date": 1716873362289L
            },
            {
                "Quest": 4,
                "Date": 1717123941479L
            }
        ],
        "ActiveQuests": [
        ]
    },
    "PlayerCompanionId": 0,
    "DialogData": [
        {
            "Dialog": 5
        },
        {
            "Dialog": 6
        },
        {
            "Dialog": 7
        },
        {
            "Dialog": 8
        },
        {
            "Dialog": 9
        },
        {
            "Dialog": 10
        },
        {
            "Dialog": 11
        },
        {
            "Dialog": 12
        },
        {
            "Dialog": 13
        }
    ],
    "ItemGiverChained": [
    ],
    "MailData": [
    ],
    "PlayerName": "Darknows",
    "UUID": "97fa3b2e-cc09-3a89-9d1b-3da0e8b354ad",
    "ScriptStoreddata": {
    }
}
