{
    "TransportData": [
    ],
    "NpcsTimers": [
    ],
    "FactionData": [
        {
            "Points": 2000,
            "Faction": 0
        }
    ],
    "BankData": [
    ],
    "ItemGiversList": [
    ],
    "QuestData": {
        "CompletedQuests": [
            {
                "Quest": 2,
                "Date": 1904180L
            },
            {
                "Quest": 3,
                "Date": 2016252L
            }
        ],
        "ActiveQuests": [
            {
                "QuestCompleted": 0b,
                "ExtraData": {
                    "Killed": [
                        {
                            "Value": 10,
                            "Slot": "minecraft:skeleton"
                        },
                        {
                            "Value": 9,
                            "Slot": "minecraft:zombie"
                        }
                    ]
                },
                "Quest": 3
            },
            {
                "QuestCompleted": 0b,
                "ExtraData": {
                    "Killed": [
                        {
                            "Value": 3,
                            "Slot": "minecraft:spider"
                        },
                        {
                            "Value": 4,
                            "Slot": "minecraft:creeper"
                        }
                    ]
                },
                "Quest": 4
            }
        ]
    },
    "PlayerCompanionId": 0,
    "DialogData": [
        {
            "Dialog": 5
        },
        {
            "Dialog": 6
        },
        {
            "Dialog": 7
        },
        {
            "Dialog": 8
        },
        {
            "Dialog": 9
        },
        {
            "Dialog": 11
        },
        {
            "Dialog": 12
        },
        {
            "Dialog": 13
        }
    ],
    "ItemGiverChained": [
    ],
    "MailData": [
    ],
    "PlayerName": "Darknows",
    "UUID": "97fa3b2e-cc09-3a89-9d1b-3da0e8b354ad",
    "ScriptStoreddata": {
    }
}
