{
    "TransportData": [
    ],
    "NpcsTimers": [
    ],
    "FactionData": [
        {
            "Points": 2000,
            "Faction": 0
        },
        {
            "Points": 1010,
            "Faction": 3
        },
        {
            "Points": 990,
            "Faction": 5
        }
    ],
    "BankData": [
    ],
    "ItemGiversList": [
    ],
    "QuestData": {
        "CompletedQuests": [
            {
                "Quest": 1,
                "Date": 2392385L
            },
            {
                "Quest": 3,
                "Date": 1716784111168L
            },
            {
                "Quest": 4,
                "Date": 1716784902456L
            },
            {
                "Quest": 6,
                "Date": 3608615L
            }
        ],
        "ActiveQuests": [
        ]
    },
    "PlayerCompanionId": 0,
    "DialogData": [
        {
            "Dialog": 6
        },
        {
            "Dialog": 7
        },
        {
            "Dialog": 11
        },
        {
            "Dialog": 13
        },
        {
            "Dialog": 15
        }
    ],
    "ItemGiverChained": [
    ],
    "MailData": [
    ],
    "PlayerName": "Sinyu_404",
    "UUID": "feee2b6c-ff6f-33f8-b541-6ed45aafa783",
    "ScriptStoreddata": {
    }
}
