{"entries":[{"name":"init","text":"Que tal heroes!","response":"","function":"","children":[{"name":"hello","text":"Hola, necesitamos unas cosas, cuanto costaria una lanza por ejemplo?","response":"Jajaja, se nota que no conocen a los enanos.. nosotros no trabajamos por dinero!, trabajamos por tradeos!","function":"","children":[{"name":"Dialogo2","text":"Tradeos?, entonces.. te damos materiales y tu construyes?","response":"Exactamente... ya que son los heroes de la aldea.. les dare una oferta especial.. solo ustedes podrian, les aseguro que seran bueeenas armas!","function":"","children":[{"name":"Dialogo3","text":"Te escuchamos..","response":"Acaben con este enemigo... los metales y materiales que da son de muy buena calidad.. les aseguro que despues de eso no querran ir con otro herrero, JAJA!","function":"acceptQuest::Barnabus1","children":[{"name":"Coordenadas","text":"Las coordenadas son... -1444/54/-241","response":"Entendido","function":"","children":[]}]}]}]}]}]}