{"entries":[{"name":"init","text":"Hola, Ustedes son los nuevos aspirantes a caballeros, bastante valientes sabiendo lo que les ocurrio a los anteriores","response":"","function":"","children":[{"name":"hello","text":"Si, comos ellos!","response":"Bueno, ya que son muy valientes, como buenos aspirantes a caballeros los enviaré a su primera misión!","function":"","children":[{"name":"Iniciodemision1","text":"Esta bien?...","response":"Acaben con los pillagers!, esa sera su primera prueba...","function":"acceptQuest::TheStart","children":[{"name":"Donde?","text":"Charck: Pero cual es la ubicación?","response":"Futuro Caballero, deben ir a la peligrosa y calurosa sabana con su. . . ''Equipo'' esta ubicada en -1883/92/-500","function":"","children":[]}]}]},{"name":"newDialogueNode","text":"Anteriores?","response":"Bueno, ya que son muy valientes, como buenos aspirantes a caballeros los enviaré a su primera misión!","function":"","children":[{"name":"Iniciodemision2","text":"Esta bien?","response":"Acaben con los pillagers!, esa sera su primera prueba...","function":"acceptQuest::TheStart","children":[{"name":"Donde?2","text":"Charck: Pero cual es la ubicación?","response":"Futuro Caballero, deben ir a la peligrosa y calurosa sabana con su. . . ''Equipo'' esta ubicada en -1883/92/-500","function":"","children":[]}]}]}]}]}