{"stats":{"minecraft:killed_by":{"minecraft:ravager":5,"alexsmobs:cachalot_whale":1,"minecraft:vindicator":5,"minecraft:zombie":1,"minecraft:vex":5,"customnpcs:customnpc":1,"minecraft:ghast":1,"minecraft:creeper":1,"minecraft:blaze":3,"minecraft:player":1,"minecraft:iron_golem":1,"mowziesmobs:ferrous_wroughtnaut":2,"minecraft:skeleton":4,"minecraft:phantom":1,"mowziesmobs:umvuthana_raptor":1},"minecraft:broken":{"mowziesmobs:umvuthana_mask_fury":1,"minecraft:iron_sword":1,"epicfight:iron_tachi":1,"justhammers:diamond_hammer":1,"justhammers:netherite_destructor_hammer":2,"minecraft:stone_pickaxe":1,"minecraft:stone_axe":1,"minecraft:stone_shovel":1,"justhammers:iron_hammer":1,"jet_and_elias_armors:legacy_samurai_armor_helmet":1},"minecraft:crafted":{"jet_and_elias_armors:red_mercenary_heavy_leggings":1,"minecraft:blaze_powder":6,"minecraft:nether_brick":14,"travelersbackpack:bat":4,"minecraft:cooked_mutton":1,"minecraft:glass":12,"minecraft:quartz_block":15,"minecraft:cooked_porkchop":6,"minecraft:smithing_table":1,"minecraft:copper_ingot":8,"farmersdelight:wheat_dough":6,"minecraft:iron_pickaxe":1,"minecraft:gold_ingot":23,"jet_and_elias_armors:mercenary_gear_boots":1,"wom:iron_staff":1,"minecraft:netherite_ingot":3,"minecraft:stone_shovel":2,"travelersbackpack:gold_tier_upgrade":1,"travelersbackpack:blank_upgrade":4,"jet_and_elias_armors:mercenary_gear_helmet":1,"jet_and_elias_armors:outrider_set_helmet":1,"minecraft:stone_pickaxe":2,"farmersdelight:rice":2,"minecraft:wheat":45,"minecraft:dried_kelp":3,"epicacg:elucidator":1,"mcwdoors:spruce_barn_door":2,"jet_and_elias_armors:gladiator_armor_boots":1,"epicfight:iron_tachi":1,"jet_and_elias_armors:legacy_samurai_armor_chestplate":1,"minecraft:oak_planks":16,"minecraft:cobblestone_slab":66,"minecraft:barrel":4,"minecraft:stone":0,"minecraft:heavy_weighted_pressure_plate":5,"justhammers:diamond_hammer":2,"minecraft:chest":5,"jet_and_elias_armors:samurai_set_boots":1,"minecraft:smoker":1,"minecraft:crafting_table":5,"minecraft:spruce_planks":24,"minecraft:wooden_pickaxe":1,"minecraft:iron_helmet":1,"minecraft:charcoal":5,"minecraft:diamond_pickaxe":1,"minecraft:shield":2,"minecraft:stick":48,"minecraft:iron_ingot":93,"epicacg:dragon_shit_crystal":2,"farmersdelight:cooked_rice":0,"minecraft:furnace":3,"minecraft:flint_and_steel":1,"minecraft:iron_axe":1,"epicfight:iron_greatsword":1,"jet_and_elias_armors:japanese_footsoldier_chestplate":1,"minecraft:netherite_scrap":27,"travelersbackpack:diamond_tier_upgrade":1,"minecraft:cooked_beef":231,"minecraft:sugar":2,"paraglider:paraglider":1,"travelersbackpack:backpack_tank":2,"minecraft:iron_sword":4,"minecraft:bowl":4,"minecraft:stone_axe":1,"minecraft:bread":3,"minecraft:air":0,"justhammers:iron_hammer":1,"minecraft:acacia_planks":64,"minecraft:lapis_block":35},"minecraft:mined":{"minecraft:white_bed":1,"minecraft:obsidian":2,"minecraft:granite":23,"minecraft:acacia_log":20,"minecraft:spawner":11,"minecraft:magma_block":16,"minecraft:fire":35,"minecraft:barrel":4,"minecraft:deepslate_lapis_ore":46,"minecraft:white_banner":1,"minecraft:iron_block":1,"minecraft:brown_mushroom":9,"minecraft:kelp_plant":1,"minecraft:smoker":2,"minecraft:soul_fire":3,"minecraft:amethyst_cluster":7,"minecraft:dead_bush":7,"minecraft:sugar_cane":1,"minecraft:amethyst_block":5,"mca:cross_headstone":3,"minecraft:wheat":48,"minecraft:grass":42,"minecraft:smooth_basalt":2,"minecraft:deepslate":126,"minecraft:mossy_cobblestone":2,"farmersdelight:wild_carrots":10,"minecraft:nether_bricks":8,"minecraft:red_mushroom":1,"minecraft:kelp":1,"travelersbackpack:bat":15,"minecraft:redstone_ore":5,"minecraft:andesite":10,"orcz:orcshroom":15,"minecraft:potatoes":16,"minecraft:vine":2,"minecraft:cobblestone_slab":4,"minecraft:warped_stem":7,"minecraft:bone_block":22,"minecraft:smithing_table":1,"minecraft:oak_slab":2,"minecraft:warped_roots":2,"minecraft:tall_grass":8,"minecraft:copper_ore":5,"minecraft:deepslate_gold_ore":25,"farmersdelight:wild_tomatoes":35,"minecraft:diorite":28,"minecraft:warped_wart_block":1,"farmersdelight:skillet":3,"decocraft:coin_pile_copper":1,"minecraft:spruce_log":1,"minecraft:sunflower":1,"minecraft:gravel":18,"minecraft:cobweb":46,"minecraft:stone_bricks":4,"minecraft:gold_ore":11,"minecraft:large_amethyst_bud":2,"minecraft:spruce_planks":8,"orcz:orcamanita":38,"minecraft:cobblestone_stairs":4,"minecraft:spruce_trapdoor":1,"minecraft:grass_block":60,"minecraft:soul_soil":6,"minecraft:glowstone":1,"minecraft:iron_ore":44,"minecraft:deepslate_redstone_ore":3,"minecraft:blackstone":11,"minecraft:clay":8,"minecraft:calcite":3,"minecraft:poppy":1,"minecraft:chest":8,"minecraft:nether_quartz_ore":34,"minecraft:cobblestone":20,"minecraft:warped_nylium":2,"orcz:orcagaric":27,"orcz:blue_orcshroom":25,"minecraft:oak_log":24,"minecraft:sand":21,"minecraft:dirt":125,"minecraft:netherrack":575,"minecraft:ancient_debris":3,"minecraft:oak_leaves":7,"minecraft:nether_gold_ore":18,"minecraft:diamond_ore":2,"minecraft:tuff":25,"minecraft:deepslate_diamond_ore":41,"exoticbirds:nest":1,"minecraft:ladder":1,"farmersdelight:red_mushroom_colony":4,"minecraft:hay_block":6,"minecraft:furnace":5,"minecraft:stripped_spruce_log":24,"farmersdelight:rope":1,"minecraft:deepslate_iron_ore":78,"travelersbackpack:bee":2,"minecraft:stone":258,"farmersdelight:cooking_pot":4,"minecraft:acacia_leaves":1,"minecraft:basalt":8,"minecraft:oak_fence":1,"minecraft:crafting_table":12,"minecraft:lapis_ore":4,"minecraft:spruce_stairs":1,"cozy_home:table_stump_warped_single":4,"minecraft:coal_ore":87},"minecraft:dropped":{"farmersdelight:iron_knife":1,"minecraft:iron_sword":2,"minecraft:cooked_beef":224,"wom:diamond_legbottomseal":1,"minecraft:crossbow":2,"mowziesmobs:wroughtnaut_spawn_egg":1,"minecraft:saddle":2,"minecraft:red_mushroom":21,"minecraft:dirt":182,"minecraft:melon":3,"mowziesmobs:umvuthana_mask_bliss":1,"paraglider:heart_container":2,"alexsmobs:flying_fish":1,"minecraft:gold_nugget":88,"minecraft:writable_book":1,"minecraft:bone_block":22,"minecraft:sunflower":1,"minecraft:phantom_membrane":3,"minecraft:sand":8,"minecraft:iron_pickaxe":1,"minecraft:white_wool":4,"minecraft:bone":89,"wom:agony":4,"minecraft:stone_axe":1,"minecraft:sugar_cane":2,"minecraft:iron_nugget":7,"jet_and_elias_armors:the_dames_armor_chestplate":1,"minecraft:cobbled_deepslate":112,"minecraft:birch_sapling":2,"minecraft:wheat":46,"minecraft:obsidian":1,"farmersdelight:cabbage":51,"minecraft:rotten_flesh":121,"minecraft:glowstone_dust":4,"wom:netherite_belt":2,"farmersdelight:rice_panicle":130,"minecraft:quartz_block":15,"farmersdelight:mixed_salad":1,"minecraft:acacia_sapling":2,"minecraft:ladder":1,"epicfight:glove":1,"jet_and_elias_armors:death_knight_armor_chestplate":1,"minecraft:painting":1,"minecraft:spruce_slab":128,"minecraft:beef":193,"minecraft:ghast_tear":1,"jet_and_elias_armors:the_dames_armor_helmet":1,"farmersdelight:tomato_seeds":35,"minecraft:enchanted_book":1,"minecraft:golden_boots":2,"minecraft:iron_ingot":60,"customnpcs:npcsoulstonefilled":1,"minecraft:wheat_seeds":28,"minecraft:oak_fence":130,"minecraft:feather":10,"minecraft:cobblestone":361,"minecraft:granite":39,"jet_and_elias_armors:iron_ronin_chestplate":2,"minecraft:coal":1,"exoticbirds:mystery_egg":1,"jet_and_elias_armors:death_knight_armor_boots":1,"jet_and_elias_armors:dark_crusader_armor_helmet":1,"jet_and_elias_armors:havoc_knight_armor_boots":1,"epicfight:iron_greatsword":1,"minecraft:oak_stairs":193,"jet_and_elias_armors:samurai_set_leggings":1,"mowziesmobs:wrought_helmet":5,"minecraft:pumpkin":3,"decocraft:coin_pile_copper":829,"minecraft:string":17,"minecraft:acacia_planks":15,"jet_and_elias_armors:death_knight_armor_helmet":1,"tombstone:familiar_stone":1,"minecraft:soul_soil":17,"minecraft:stone_sword":2,"minecraft:cobblestone_wall":32,"minecraft:bowl":2,"decocraft:toilet_1_gold":1,"farmersdelight:kelp_roll_slice":3,"minecraft:experience_bottle":2,"farmersdelight:fruit_salad":1,"minecraft:clay_ball":8,"minecraft:name_tag":1,"jet_and_elias_armors:the_dames_armor_leggings":1,"minecraft:potato":50,"decocraft:coin_pile_silver":365,"minecraft:cobblestone_slab":16,"jet_and_elias_armors:havoc_knight_armor_chestplate":1,"decocraft:chandelier_1_gold_flipbook.00":1,"minecraft:spruce_trapdoor":48,"minecraft:spruce_planks":11,"minecraft:diamond_pickaxe":1,"farmersdelight:horse_feed":2,"decocraft:chandelier_2_gold_flipbook.00":1,"minecraft:carved_pumpkin":1,"minecraft:spider_eye":14,"minecraft:barrel":2,"farmersdelight:stove":2,"minecraft:bow":1,"minecraft:magma_block":14,"farmersdelight:tomato":14,"jet_and_elias_armors:dark_crusader_armor_chestplate":1,"epicfight:skillbook":18,"minecraft:warped_stem":7,"minecraft:oak_log":1,"decocraft:doorbell_white":1,"travelersbackpack:bee":1,"minecraft:lantern":2,"minecraft:leather":4,"farmersdelight:rice":3,"minecraft:flint":2,"minecraft:cod":2,"minecraft:cobblestone_stairs":128,"minecraft:netherite_scrap":12,"jet_and_elias_armors:samurai_set_helmet":2,"farmersdelight:onion":6,"decocraft:coin_pile_gold":2,"minecraft:gravel":22,"minecraft:blackstone":144,"farmersdelight:kelp_roll":1,"minecraft:beetroot":1,"armourers_workshop:skin":1,"travelersbackpack:bat":1,"jet_and_elias_armors:samurai_set_boots":1,"jet_and_elias_armors:outrider_set_helmet":3,"minecraft:trident":2,"minecraft:gunpowder":19,"minecraft:stone_brick_wall":1,"minecraft:chest":2,"minecraft:basalt":253,"minecraft:arrow":39,"jet_and_elias_armors:death_knight_armor_leggings":1,"minecraft:written_book":3,"minecraft:netherrack":526,"mowziesmobs:umvuthana_mask_fury":1,"wom:netherite_chains":1,"minecraft:stripped_spruce_log":72,"minecraft:oak_slab":52,"weaponmaster:tutorialbook":52,"minecraft:poisonous_potato":1,"minecraft:amethyst_block":5,"mcwdoors:spruce_barn_door":6,"decocraft:candle_holder_wall_3_gold_flipbook.00":1,"minecraft:spruce_stairs":21,"minecraft:grass_block":3,"mowziesmobs:wrought_axe":2,"epicfight:iron_longsword":5,"decocraft:bucket_water":1,"minecraft:diorite":36,"minecraft:iron_axe":1,"jet_and_elias_armors:raider_armor_leggings":1,"jet_and_elias_armors:dark_crusader_armor_leggings":1,"minecraft:smooth_basalt":2,"minecraft:redstone":36,"farmersdelight:wheat_dough":5,"minecraft:oak_trapdoor":32,"minecraft:blaze_rod":6,"minecraft:tuff":9,"farmersdelight:cabbage_seeds":8,"jet_and_elias_armors:drifter_hood_armor_helmet":1,"jet_and_elias_armors:big_havoc_knighe_helmet_helmet":1,"decocraft:candle_holder_wall_1_gold_flipbook.00":1,"minecraft:shield":1,"farmersdelight:fried_egg":1,"minecraft:andesite":2,"minecraft:oak_sapling":2,"minecraft:golden_sword":3,"jet_and_elias_armors:havoc_knight_armor_leggings":1,"minecraft:spruce_log":238,"jet_and_elias_armors:dark_crusader_armor_boots":1,"minecraft:stone_pickaxe":1,"minecraft:calcite":2,"wom:demon_seal":3},"minecraft:killed":{"minecraft:cave_spider":9,"occ:vergil_2":1,"gaggle_of_golems:plank_golem":1,"exoticbirds:owl":2,"minecraft:skeleton":116,"alexsmobs:straddler":3,"minecraft:magma_cube":8,"minecraft:iron_golem":3,"minecraft:pillager":58,"minecraft:zombie":108,"alexsmobs:roadrunner":1,"minecraft:cow":36,"mca:female_zombie_villager":1,"minecraft:evoker":4,"minecraft:vindicator":13,"mowziesmobs:ferrous_wroughtnaut":3,"occ:vergil":1,"minecraft:husk":24,"alexsmobs:guster":9,"minecraft:ravager":3,"minecraft:enderman":8,"minecraft:zombified_piglin":2,"minecraft:witch":3,"minecraft:spider":45,"customnpcs:customnpc":2,"minecraft:piglin":7,"minecraft:pig":11,"alexsmobs:stradpole":1,"minecraft:creeper":77,"minecraft:sheep":20,"minecraft:trader_llama":2,"minecraft:ghast":2,"alexsmobs:fly":1,"mowziesmobs:umvuthana_raptor":1,"minecraft:blaze":11,"minecraft:vex":2,"minecraft:phantom":5,"minecraft:drowned":1,"alexsmobs:flying_fish":1,"mowziesmobs:umvuthana_follower_raptor":9,"minecraft:wither_skeleton":2},"minecraft:used":{"justhammers:netherite_destructor_hammer":785,"minecraft:peony":14,"decocraft:bank":1,"decocraft:candle_holder_wall_1_black_flipbook.00":1,"minecraft:writable_book":5,"minecraft:smooth_quartz_slab":165,"decocraft:candle_holder_7_gold_flipbook.00":5,"fantasyfurniture:bone/skeleton/door_single":1,"minecraft:ladder":84,"minecraft:spruce_slab":148,"decocraft:chile":4,"minecraft:poppy":2,"minecraft:black_carpet":27,"minecraft:chest":22,"minecraft:stone":186,"minecraft:quartz_stairs":31,"minecraft:farmland":24,"days_in_the_middle_ages:skeletonremains":8,"mowziesmobs:wroughtnaut_spawn_egg":2,"minecraft:blue_stained_glass":48,"minecraft:brick_slab":286,"minecraft:deepslate_brick_slab":117,"mcwdoors:wooden_portcullis":1,"minecraft:azure_bluet":2,"minecraft:stripped_spruce_log":123,"decocraft:ingot_pile_netherite":8,"days_in_the_middle_ages:guillotine_bottom":3,"days_in_the_middle_ages:roof":43,"epicacg:elucidator":31,"minecraft:lava_bucket":30,"minecraft:quartz_pillar":103,"alexsmobs:bison_carpet":20,"minecraft:grass_block":730,"minecraft:quartz_block":1,"days_in_the_middle_ages:barrel":4,"fantasyfurniture:dunmer/chair":57,"exoticbirds:nest":1,"decocraft:ingot_pile_silver":7,"minecraft:stone_brick_stairs":353,"fantasyfurniture:dunmer/chandelier":1,"minecraft:snow":2,"minecraft:furnace":10,"minecraft:egg":1,"days_in_the_middle_ages:roof_split":13,"minecraft:potato":21,"farmersdelight:hamburger":1,"days_in_the_middle_ages:roof_top":14,"minecraft:deepslate_brick_wall":191,"decocraft:broom":1,"minecraft:cow_spawn_egg":11,"jet_and_elias_armors:red_mercenary_heavy_chestplate":1,"days_in_the_middle_ages:guillotine_middle":2,"minecraft:brick_wall":2,"minecraft:stripped_birch_log":27,"days_in_the_middle_ages:shaft":6,"minecraft:blackstone":9,"minecraft:wooden_pickaxe":37,"epicfight:iron_longsword":191,"minecraft:composter":17,"fantasyfurniture:royal/door_single":1,"mcwdoors:spruce_barn_door":1,"minecraft:smooth_quartz_stairs":154,"minecraft:oak_leaves":121,"minecraft:golden_apple":1,"minecraft:dark_oak_trapdoor":8,"fantasyfurniture:nordic/table_wide":2,"minecraft:sand":5,"minecraft:blast_furnace":1,"minecraft:acacia_leaves":28,"minecraft:chiseled_quartz_block":24,"minecraft:deepslate_brick_stairs":121,"armourers_workshop:skinning-table":1,"fantasyfurniture:venthyr/bookshelf":2,"fantasyfurniture:nordic/oven":2,"fantasyfurniture:royal/door_double":2,"days_in_the_middle_ages:well_roof_birch":1,"minecraft:stone_button":5,"armourers_workshop:skin-library-global":2,"days_in_the_middle_ages:grave_3":2,"days_in_the_middle_ages:grave_2":1,"minecraft:lectern":36,"fantasyfurniture:nordic/drawer":3,"jet_and_elias_armors:menacing_knight_helmet_big_helmet":1,"fantasyfurniture:venthyr/table_wide_fancy":2,"wom:wooden_staff":1,"decocraft:barrel":1,"decocraft:blood_puddle":20,"decocraft:carpenter":2,"minecraft:smithing_table":2,"minecraft:dark_oak_fence":57,"farmersdelight:spruce_cabinet":3,"minecraft:birch_log":14,"fantasyfurniture:venthyr/chair":6,"fantasyfurniture:decorations/book_stack":30,"minecraft:oak_trapdoor":16,"waystones:sandy_waystone":1,"decocraft:chandelier_2_gold_flipbook.00":7,"cozy_home:table_mangrove_single":6,"minecraft:carved_pumpkin":28,"minecraft:armor_stand":1,"days_in_the_middle_ages:sword_pile":15,"minecraft:tinted_glass":126,"decocraft:letter":1,"travelersbackpack:bat":10,"minecraft:netherrack":458,"decocraft:old_broom":2,"minecraft:torch":23,"days_in_the_middle_ages:barrel_beer":2,"minecraft:anvil":3,"exoticbirds:owl_egg":2,"fantasyfurniture:royal/chandelier":9,"mcwdoors:birch_tropical_door":1,"days_in_the_middle_ages:sword_in_wall":5,"decocraft:bucket_water":2,"minecraft:oak_fence_gate":1,"farmersdelight:beef_patty":2,"decocraft:ingot_pile_gold":21,"cozy_home:table_dark_oak_single":13,"farmersdelight:oak_cabinet":8,"decocraft:toilet_1_gold":1,"fantasyfurniture:decorations/nordic_mead_bottles":2,"epicfight:iron_greatsword":145,"minecraft:iron_block":22,"minecraft:iron_axe":80,"minecraft:brick_stairs":136,"decocraft:chair_borje_mw_red":1,"minecraft:polished_deepslate_wall":70,"minecraft:smooth_quartz":380,"minecraft:barrel":7,"minecraft:glowstone":1,"minecraft:basalt":33,"decocraft:round_mirror_gold":5,"days_in_the_middle_ages:animaltroughsprucetwo":1,"cozy_home:mangrove_chair":1,"armourers_workshop:skin-library-creative":2,"farmersdelight:cooking_pot":6,"tombstone:gift":9,"farmersdelight:tomato_seeds":17,"minecraft:cobbled_deepslate":38,"minecraft:observer":7,"days_in_the_middle_ages:cobweb_1":10,"minecraft:wheat_seeds":48,"decocraft:decomposer":1,"minecraft:water_bucket":98,"minecraft:dirt_path":14,"minecraft:birch_planks":5,"farmersdelight:dark_oak_cabinet":12,"minecraft:cauldron":2,"minecraft:spruce_fence_gate":2,"minecraft:sheep_spawn_egg":12,"minecraft:deepslate_bricks":198,"cozy_home:chandelier_golden":1,"jet_and_elias_armors:iron_ronin_chestplate":4,"minecraft:vine":101,"justhammers:diamond_hammer":1103,"minecraft:crafting_table":17,"minecraft:oak_slab":359,"decocraft:birdcage_black":7,"minecraft:white_bed":17,"minecraft:campfire":2,"decocraft:chandelier_1_gold_flipbook.00":1,"fantasyfurniture:royal/bookshelf":7,"minecraft:spruce_log":12,"decocraft:cartographer":1,"justhammers:iron_hammer":127,"mowziesmobs:wrought_axe":25,"days_in_the_middle_ages:fire_pit":6,"minecraft:deepslate_tile_wall":16,"minecraft:oak_log":351,"days_in_the_middle_ages:skeleton_1":6,"minecraft:diamond_pickaxe":1205,"minecraft:cornflower":4,"gaggle_of_golems:mossy_golem_spawn_egg":12,"days_in_the_middle_ages:campfire":1,"minecraft:iron_pickaxe":185,"minecraft:spruce_trapdoor":90,"days_in_the_middle_ages:windowbottom":3,"minecraft:chiseled_stone_bricks":5,"minecraft:cobblestone":224,"minecraft:cooked_porkchop":7,"minecraft:glass_pane":18,"minecraft:stripped_oak_log":98,"minecraft:candle":28,"wom:satsujin":111,"decocraft:rocking_chair_mw":4,"fantasyfurniture:bone/skeleton/bookshelf":1,"wom:netherite_greataxe":53,"decocraft:candle_holder_wall_2_gold_flipbook.00":9,"minecraft:melon":1,"minecraft:bone_block":49,"farmersdelight:stove":5,"minecraft:shield":21,"days_in_the_middle_ages:gallow_bottom":5,"minecraft:iron_sword":823,"farmersdelight:birch_cabinet":3,"minecraft:bell":2,"decocraft:albania":1,"minecraft:white_candle":1,"minecraft:spruce_leaves":13,"minecraft:mutton":1,"minecraft:nether_bricks":8,"minecraft:carrot":8,"decocraft:switch_pink_green":1,"minecraft:obsidian":1,"days_in_the_middle_ages:well":12,"wom:agony":1,"minecraft:glass":46,"occ:yamato":20,"farmersdelight:tomato":3,"minecraft:bricks":671,"gaggle_of_golems:iron_golem_spawn_egg":17,"fantasyfurniture:nordic/bookshelf":3,"minecraft:lantern":32,"decocraft:barrel_red_apple":1,"cozy_home:table_spruce_single":10,"farmersdelight:beetroot_crate":1,"wom:iron_staff":280,"decocraft:coin_pile_gold":20,"minecraft:stone_bricks":2942,"decocraft:book_shop":2,"minecraft:golden_sword":8,"minecraft:birch_trapdoor":33,"minecraft:repeater":86,"minecraft:magma_block":2,"mcwdoors:spruce_western_door":2,"minecraft:red_carpet":14,"decocraft:candle_holder_2_gold_flipbook.00":5,"farmersdelight:cutting_board":6,"minecraft:hay_block":1,"minecraft:written_book":2,"farmersdelight:safety_net":2,"minecraft:gold_block":38,"minecraft:stripped_spruce_wood":291,"decocraft:chair_borje_lw_white":1,"epicfight:skillbook":54,"epicfight:netherite_greatsword":1,"minecraft:birch_leaves":13,"minecraft:stone_pickaxe":196,"minecraft:oak_planks":83,"days_in_the_middle_ages:guillotine_top":4,"minecraft:redstone_block":1,"fantasyfurniture:nordic/table_small":2,"jet_and_elias_armors:samurai_set_helmet":1,"minecraft:diamond_axe":1,"decocraft:chandelier_1_black_flipbook.00":3,"days_in_the_middle_ages:windowtop":4,"decocraft:chandelier_chain_black":1,"travelersbackpack:bee":4,"decocraft:piano_black":3,"minecraft:crossbow":2,"minecraft:sponge":22,"minecraft:stone_brick_wall":39,"decocraft:candle_holder_wall_3_gold_flipbook.00":14,"days_in_the_middle_ages:cobweb_2":3,"days_in_the_middle_ages:cobweb_4":1,"epicfight:iron_tachi":250,"minecraft:redstone_torch":84,"minecraft:sticky_piston":22,"waystones:waystone":3,"jet_and_elias_armors:samurai_set_boots":1,"fantasyfurniture:decorations/paper_stack":1,"decocraft:barrel_golden_apple":2,"days_in_the_middle_ages:well_roof_spruce":8,"minecraft:bread":4,"tombstone:grave_key":10,"minecraft:gravel":14,"jet_and_elias_armors:outrider_set_helmet":5,"tombstone:familiar_stone":7,"minecraft:grindstone":2,"minecraft:andesite":8,"minecraft:chain":38,"days_in_the_middle_ages:gallow_middle":5,"minecraft:smooth_stone_slab":86,"minecraft:mossy_cobblestone_wall":4,"minecraft:coarse_dirt":3,"minecraft:bone_meal":47,"minecraft:experience_bottle":1,"minecraft:oak_fence":85,"minecraft:petrified_oak_slab":38,"minecraft:trident":1,"minecraft:netherite_sword":16,"minecraft:rose_bush":14,"cozy_home:telescope":3,"decocraft:coin_pile_copper":3,"decocraft:barrel_carrots":1,"minecraft:flint_and_steel":15,"minecraft:stone_shovel":155,"minecraft:redstone":159,"minecraft:spruce_planks":101,"decocraft:wooden_table_1_dw":5,"days_in_the_middle_ages:gallow_top":3,"mcwdoors:spruce_barn_glass_door":4,"decocraft:candle_holder_1_black_flipbook.00":1,"minecraft:dirt":195,"days_in_the_middle_ages:basket_of_shrooms":3,"tombstone:scroll_of_aquatic_life":1,"minecraft:spruce_stairs":269,"minecraft:cobblestone_wall":75,"decocraft:treasure_pile":7,"minecraft:spruce_fence":12,"farmersdelight:rope":65,"minecraft:dark_oak_planks":8,"minecraft:stone_brick_slab":1003,"minecraft:wooden_axe":1,"villagersellanimals:crate_lamb":1,"wom:netherite_belt":1,"minecraft:oak_stairs":237,"decocraft:grandfather_clock":1,"wom:antitheus":21,"mcwdoors:spruce_japanese2_door":1,"minecraft:white_stained_glass_pane":2,"days_in_the_middle_ages:cell_window":10,"cozy_home:table_oak_single":5,"minecraft:cooked_beef":238,"farmersdelight:fried_egg":1,"minecraft:cooked_mutton":2,"minecraft:quartz_bricks":33,"minecraft:cobblestone_stairs":74,"farmersdelight:skillet":8,"minecraft:polished_andesite":17,"fantasyfurniture:venthyr/chest":1,"fantasyfurniture:venthyr/carpet":4,"minecraft:cobblestone_slab":97,"days_in_the_middle_ages:welltaking":3,"minecraft:warped_roots":2,"decocraft:medieval_high_canopy_bed_king_red":2,"farmersdelight:onion":20,"days_in_the_middle_ages:cell_door":4,"decocraft:candle_holder_wall_1_gold_flipbook.00":8,"cozy_home:table_jungle_single":8,"days_in_the_middle_ages:roof_top_corner":1,"minecraft:painting":6,"minecraft:infested_stone_bricks":118,"jet_and_elias_armors:red_mercenary_heavy_leggings":1,"minecraft:smoker":4,"tombstone:bag_of_seeds":3,"minecraft:purple_stained_glass":60,"mca:scythe":2,"minecraft:piston":18,"minecraft:wooden_hoe":72,"minecraft:netherite_axe":10,"decocraft:pc_tower_black":1,"minecraft:stone_slab":20,"mcwdoors:oak_western_door":1,"mcwdoors:spruce_waffle_door":1,"minecraft:stone_axe":100,"armourers_workshop:mannequin":4,"fantasyfurniture:bone/wither/bookshelf":1,"decocraft:coin_pile_silver":5,"fantasyfurniture:nordic/bed_single":1,"minecraft:white_banner":2,"minecraft:bucket":100,"fantasyfurniture:decorations/coin_stack_gold":2,"minecraft:wither_rose":1,"alexsmobs:animal_dictionary":2,"decocraft:doorbell_white":1,"mcwdoors:spruce_beach_door":2,"minecraft:splash_potion":1,"minecraft:pillager_spawn_egg":20},"minecraft:custom":{"minecraft:interact_with_crafting_table":117,"minecraft:open_barrel":29,"goblintraders:trade_with_goblin":5,"minecraft:bell_ring":19,"minecraft:leave_game":85,"minecraft:time_since_death":522996,"minecraft:damage_blocked_by_shield":770,"minecraft:play_time":2857034,"minecraft:deaths":44,"minecraft:jump":17939,"minecraft:interact_with_furnace":79,"minecraft:sleep_in_bed":5,"minecraft:waystone_activated":7,"minecraft:damage_dealt":148929,"tombstone:undead_killed":230,"minecraft:interact_with_smoker":36,"minecraft:interact_with_smithing_table":19,"minecraft:interact_with_anvil":3,"minecraft:inspect_hopper":1,"minecraft:damage_dealt_absorbed":5979,"minecraft:sneak_time":101437,"minecraft:interact_with_lectern":2,"minecraft:interact_with_blast_furnace":8,"minecraft:total_world_time":2857034,"tombstone:raider_killed":85,"minecraft:time_since_rest":523032,"minecraft:swim_one_cm":188359,"minecraft:fly_one_cm":21577062,"minecraft:open_chest":389,"minecraft:fall_one_cm":430010,"minecraft:animals_bred":23,"minecraft:sprint_one_cm":5936063,"minecraft:drop":676,"minecraft:walk_on_water_one_cm":120976,"minecraft:player_kills":9,"minecraft:crouch_one_cm":366201,"minecraft:mob_kills":682,"minecraft:fill_cauldron":2,"minecraft:interact_with_campfire":8,"minecraft:damage_dealt_resisted":128,"minecraft:climb_one_cm":386243,"minecraft:walk_one_cm":9156430,"minecraft:raid_win":1,"minecraft:walk_under_water_one_cm":140612,"minecraft:raid_trigger":2,"minecraft:damage_taken":43754,"minecraft:damage_absorbed":160},"minecraft:picked_up":{"minecraft:wooden_axe":1,"minecraft:iron_chestplate":2,"days_in_the_middle_ages:shaft":5,"jet_and_elias_armors:death_knight_armor_helmet":1,"jet_and_elias_armors:drifter_hood_armor_helmet":5,"minecraft:smithing_table":1,"minecraft:lead":3,"farmersdelight:rice_panicle":70,"minecraft:oak_stairs":320,"minecraft:enchanted_book":2,"exoticbirds:owl_egg":3,"minecraft:golden_sword":4,"minecraft:amethyst_block":5,"epicfight:iron_longsword":4,"farmersdelight:cutting_board":1,"minecraft:string":100,"minecraft:soul_soil":17,"jet_and_elias_armors:havoc_knight_armor_leggings":1,"minecraft:gold_nugget":191,"minecraft:cobbled_deepslate":374,"minecraft:spruce_planks":109,"minecraft:written_book":4,"minecraft:melon_slice":9,"jet_and_elias_armors:samurai_set_helmet":1,"minecraft:acacia_log":27,"jet_and_elias_armors:outrider_set_helmet":7,"minecraft:stone_sword":2,"farmersdelight:onion":6,"minecraft:iron_block":1,"minecraft:carved_pumpkin":1,"farmersdelight:rope":32,"minecraft:blaze_rod":11,"alexsmobs:flying_fish":1,"minecraft:magma_block":16,"minecraft:feather":14,"minecraft:cooked_beef":181,"farmersdelight:kelp_roll":1,"farmersdelight:rice":4,"minecraft:brown_wool":3,"minecraft:smoker":2,"farmersdelight:bacon":5,"minecraft:flint":3,"farmersdelight:tomato":21,"minecraft:lantern":7,"decocraft:candle_holder_wall_1_gold_flipbook.00":1,"epicfight:iron_greatsword":1,"minecraft:glowstone_dust":4,"minecraft:warped_wart_block":3,"minecraft:stripped_spruce_log":240,"jet_and_elias_armors:death_knight_armor_boots":1,"minecraft:barrel":5,"minecraft:bundle":2,"alexsmobs:guster_eye":2,"minecraft:writable_book":2,"minecraft:granite":46,"minecraft:bread":2,"minecraft:diamond_pickaxe":1,"minecraft:crafting_table":15,"minecraft:clay_ball":80,"jet_and_elias_armors:dark_crusader_armor_leggings":1,"paraglider:heart_container":2,"minecraft:netherite_scrap":4,"farmersdelight:beef_patty":6,"minecraft:beef":293,"wom:demon_seal":1,"minecraft:poppy":5,"minecraft:spruce_slab":192,"minecraft:chest":13,"minecraft:birch_sapling":2,"minecraft:egg":2,"farmersdelight:minced_beef":8,"alexsmobs:straddlite":1,"farmersdelight:tomato_seeds":108,"minecraft:carrot":37,"minecraft:redstone":37,"minecraft:beetroot_seeds":3,"minecraft:hay_block":7,"mowziesmobs:umvuthana_mask_bliss":2,"minecraft:gold_ingot":6,"minecraft:totem_of_undying":2,"jet_and_elias_armors:death_knight_armor_chestplate":1,"minecraft:mutton":34,"minecraft:white_wool":17,"exoticbirds:raw_birdmeat":3,"minecraft:bone_block":66,"minecraft:red_mushroom":49,"decocraft:coin_pile_gold":2,"cozy_home:table_stump_warped_single":12,"minecraft:oak_log":25,"minecraft:ancient_debris":22,"minecraft:golden_boots":2,"mowziesmobs:wrought_axe":3,"farmersdelight:skillet":3,"armourers_workshop:skin":2,"jet_and_elias_armors:big_havoc_knighe_helmet_helmet":1,"tombstone:gift":2,"minecraft:white_banner":12,"wom:netherite_belt":2,"minecraft:apple":1,"minecraft:stone_bricks":9,"farmersdelight:cooking_pot":4,"minecraft:kelp":10,"mowziesmobs:foliaath_seed":2,"minecraft:warped_stem":7,"minecraft:stone_pickaxe":5,"weaponmaster:tutorialbook":24,"tombstone:bag_of_seeds":2,"minecraft:tall_grass":2,"minecraft:iron_sword":2,"jet_and_elias_armors:the_dames_armor_chestplate":1,"minecraft:smooth_basalt":2,"jet_and_elias_armors:iron_ronin_chestplate":3,"minecraft:gravel":26,"minecraft:spruce_log":294,"farmersdelight:cabbage_leaf":4,"minecraft:stone_axe":3,"wom:netherite_chains":1,"minecraft:painting":1,"minecraft:warped_roots":2,"minecraft:ender_pearl":4,"minecraft:wheat":66,"travelersbackpack:bat":16,"jet_and_elias_armors:the_dames_armor_leggings":1,"minecraft:stone_brick_stairs":3,"minecraft:raw_copper":18,"minecraft:iron_leggings":2,"minecraft:experience_bottle":3,"jet_and_elias_armors:the_dames_armor_helmet":1,"decocraft:chandelier_1_gold_flipbook.00":1,"decocraft:toilet_1_gold":1,"minecraft:bucket":1,"farmersdelight:cabbage":31,"minecraft:redstone_torch":2,"minecraft:cobblestone_slab":30,"minecraft:calcite":2,"minecraft:iron_pickaxe":1,"jet_and_elias_armors:dark_crusader_armor_boots":1,"occ:yamatobossversion":1,"farmersdelight:cabbage_seeds":8,"minecraft:iron_boots":2,"minecraft:furnace":7,"minecraft:stick":15,"minecraft:oak_fence":257,"minecraft:torch":21,"minecraft:spruce_stairs":85,"epicfight:skillbook":44,"minecraft:porkchop":24,"tombstone:grave_dust":28,"minecraft:diorite":43,"jet_and_elias_armors:dark_crusader_armor_chestplate":1,"farmersdelight:fried_egg":2,"minecraft:rotten_flesh":136,"epicfight:glove":1,"minecraft:music_disc_wait":1,"farmersdelight:raw_pasta":1,"minecraft:obsidian":5,"minecraft:cod":2,"minecraft:cobblestone":1056,"paraglider:paraglider":2,"epicfight:stone_spear":1,"minecraft:andesite":10,"minecraft:potato":72,"paraglider:spirit_orb":26,"minecraft:tuff":16,"minecraft:wither_skeleton_skull":1,"minecraft:lapis_lazuli":318,"minecraft:dirt":352,"minecraft:name_tag":1,"minecraft:bone":143,"minecraft:acacia_planks":89,"minecraft:bow":2,"minecraft:wheat_seeds":170,"farmersdelight:pumpkin_slice":8,"minecraft:raw_gold":38,"jet_and_elias_armors:dark_crusader_armor_helmet":1,"travelersbackpack:bee":3,"minecraft:netherite_axe":1,"wom:diamond_legbottomseal":2,"farmersdelight:horse_feed":1,"jet_and_elias_armors:havoc_knight_armor_boots":1,"minecraft:ghast_tear":1,"jet_and_elias_armors:raider_armor_leggings":1,"minecraft:cooked_porkchop":3,"minecraft:music_disc_13":1,"minecraft:poisonous_potato":1,"minecraft:sand":29,"minecraft:melon":3,"decocraft:chandelier_2_gold_flipbook.00":1,"minecraft:grass_block":4,"tombstone:familiar_stone":1,"minecraft:diamond":80,"minecraft:crossbow":3,"minecraft:golden_apple":2,"minecraft:emerald":28,"minecraft:oak_sapling":3,"minecraft:netherrack":1212,"minecraft:charcoal":4,"jet_and_elias_armors:samurai_set_boots":1,"minecraft:azure_bluet":1,"minecraft:ladder":12,"minecraft:brown_mushroom":18,"jet_and_elias_armors:samurai_set_leggings":1,"minecraft:shield":1,"minecraft:oak_trapdoor":96,"jet_and_elias_armors:death_knight_armor_leggings":1,"minecraft:blackstone":212,"minecraft:light_gray_wool":1,"minecraft:sugar_cane":9,"minecraft:spruce_trapdoor":84,"minecraft:phantom_membrane":4,"decocraft:candle_holder_wall_3_gold_flipbook.00":1,"farmersdelight:kelp_roll_slice":3,"minecraft:raw_iron":123,"minecraft:copper_ingot":7,"minecraft:bowl":2,"minecraft:trident":1,"minecraft:arrow":136,"minecraft:nether_bricks":8,"minecraft:saddle":3,"mowziesmobs:umvuthana_mask_fury":1,"jet_and_elias_armors:havoc_knight_armor_chestplate":1,"minecraft:basalt":276,"minecraft:leather":51,"minecraft:gunpowder":93,"minecraft:cobblestone_wall":64,"minecraft:cobblestone_stairs":260,"minecraft:cooked_mutton":1,"decocraft:coin_pile_silver":363,"minecraft:iron_ingot":24,"mcwdoors:spruce_barn_door":10,"minecraft:acacia_sapling":6,"decocraft:coin_pile_copper":829,"wom:agony":3,"minecraft:oak_slab":182,"minecraft:pumpkin":3,"minecraft:stone_brick_slab":1,"minecraft:quartz":157,"minecraft:dandelion":1,"fantasyfurniture:decorations/book_stack":3,"minecraft:lava_bucket":1,"minecraft:amethyst_shard":28,"mowziesmobs:wrought_helmet":6,"minecraft:white_bed":1,"minecraft:spider_eye":16,"occ:brokenyamato_1":1,"knight_quest:kq_great_essence":4,"tombstone:magic_scroll":4,"minecraft:black_wool":1,"farmersdelight:stove":1,"minecraft:coal":256,"minecraft:sunflower":1}},"DataVersion":2975}