{"stats":{"minecraft:crafted":{"minecraft:oak_planks":80,"minecraft:smooth_stone":3,"epicfight:iron_spear":1,"minecraft:cooked_chicken":8,"minecraft:stone":204,"minecraft:cobblestone_stairs":40,"minecraft:nether_brick":0,"minecraft:cooked_mutton":34,"minecraft:glass":10,"minecraft:iron_boots":1,"minecraft:chest":15,"jet_and_elias_armors:raider_light_variant_chestplate":1,"minecraft:smoker":1,"minecraft:emerald":15,"minecraft:cooked_porkchop":47,"minecraft:crafting_table":2,"minecraft:iron_helmet":1,"minecraft:wooden_pickaxe":1,"minecraft:baked_potato":144,"minecraft:copper_ingot":11,"farmersdelight:fried_egg":15,"minecraft:iron_chestplate":1,"minecraft:stick":20,"minecraft:iron_ingot":76,"minecraft:iron_pickaxe":1,"minecraft:gold_ingot":4,"minecraft:shears":1,"minecraft:furnace":7,"minecraft:blast_furnace":1,"minecraft:spruce_stairs":24,"minecraft:iron_axe":1,"minecraft:stone_pickaxe":1,"minecraft:cooked_beef":161,"jet_and_elias_armors:iron_ronin_chestplate":1,"minecraft:air":0,"justhammers:iron_hammer":2,"minecraft:iron_leggings":1,"minecraft:white_bed":1,"minecraft:acacia_planks":216,"minecraft:torch":24},"minecraft:used":{"decocraft:adventsljusstake_blue_flipbook.00":3,"decocraft:bank":4,"minecraft:writable_book":4,"decocraft:candle_holder_wall_1_black_flipbook.00":5,"decocraft:furniture_shop":4,"exoticbirds:cockatoo_egg":1,"minecraft:iron_shovel":41,"minecraft:ladder":2,"minecraft:diamond_hoe":9,"alexsmobs:sopa_de_macaco":1,"decocraft:keep_out":1,"customnpcs:npcwand":15,"minecraft:chest":18,"epicacg:battle_scythe":2,"decocraft:closet_6_dw":2,"minecraft:iron_sword":248,"minecraft:stone":118,"minecraft:zombie_spawn_egg":1,"jet_and_elias_armors:raider_armor_boots":2,"jet_and_elias_armors:dark_crusader_armor_boots":1,"minecraft:skeleton_spawn_egg":1,"customnpcs:npcsoulstonefilled":4,"fantasyfurniture:necrolord/wardrobe_bottom":1,"mowziesmobs:wroughtnaut_spawn_egg":2,"minecraft:brick_slab":27,"minecraft:carrot":8,"mcwdoors:wooden_portcullis":39,"minecraft:stripped_spruce_log":28,"jet_and_elias_armors:the_dames_armor_chestplate":1,"decocraft:bunk_bed_bottom_lw_white":3,"wom:agony":21,"days_in_the_middle_ages:roof":26,"minecraft:glass":7,"decocraft:christmas_lights_1_color_flipbook.00":9,"minecraft:netherite_shovel":1,"minecraft:bricks":16,"decocraft:bathroom_unisex":2,"minecraft:grass_block":48,"minecraft:lantern":123,"decocraft:closet_5_lw":1,"days_in_the_middle_ages:barrel":6,"minecraft:iron_helmet":4,"days_in_the_middle_ages:well_roof_oak":3,"cozy_home:table_stump_spruce_single":2,"minecraft:stone_brick_stairs":96,"decocraft:coin_pile_gold":1,"minecraft:stone_bricks":2061,"minecraft:red_carpet":4,"minecraft:written_book":3,"minecraft:furnace":13,"mcwdoors:spruce_stable_door":6,"minecraft:potato":19,"customnpcs:npcmobcloner":2,"exoticbirds:peafowl_spawn_egg":1,"minecraft:deepslate_brick_wall":207,"epicfight:skillbook":41,"decocraft:broom":1,"minecraft:spruce_door":1,"minecraft:stone_pickaxe":104,"minecraft:oak_planks":193,"decocraft:lumber":1,"jet_and_elias_armors:knight_f_white_helmet":1,"minecraft:wooden_pickaxe":3,"minecraft:sugar_cane":6,"decocraft:closet_6_lw":3,"jet_and_elias_armors:dark_crusader_armor_leggings":1,"minecraft:oak_leaves":2,"minecraft:white_wool":16,"minecraft:dark_oak_trapdoor":4,"decocraft:chandelier_chain_black":4,"minecraft:sand":29,"minecraft:blast_furnace":4,"decocraft:chandelier_medieval.00":2,"minecraft:crossbow":1,"minecraft:stone_brick_wall":267,"minecraft:shears":2,"armourers_workshop:skinning-table":1,"minecraft:redstone_torch":4,"farmersdelight:ratatouille":1,"decocraft:pub":2,"decocraft:candle_holder_3_gold_flipbook.00":1,"minecraft:acacia_door":1,"decocraft:barrel_golden_apple":1,"minecraft:bread":7,"fantasyfurniture:decorations/muffins_chocolate":1,"minecraft:stone_button":9,"armourers_workshop:skin-library-global":3,"cozy_home:counter_dark_oak_sink":2,"decocraft:barrel":4,"exoticbirds:oak_birdcage":1,"fantasyfurniture:decorations/potion_bottles":16,"minecraft:fire_charge":3,"jet_and_elias_armors:outrider_set_helmet":1,"minecraft:diamond_sword":15,"minecraft:wooden_sword":18,"minecraft:stripped_oak_wood":20,"decocraft:carpenter":1,"minecraft:andesite":2,"decocraft:blood_puddle":7,"minecraft:bone_meal":5,"decocraft:cake_candy_corn":1,"minecraft:cobweb":5,"fantasyfurniture:decorations/book_stack":13,"decocraft:bathroom_counter_left_white":3,"minecraft:oak_fence":96,"minecraft:oak_trapdoor":23,"minecraft:trident":2,"decocraft:coin_pile_copper":3,"minecraft:iron_bars":6,"decocraft:double_bed_ww_magenta":1,"minecraft:stone_sword":74,"decocraft:chandelier_2_gold_flipbook.00":5,"decocraft:bunny_plush_light_blue":3,"alexsmobs:rainbow_glass":16,"fantasyfurniture:decorations/potion_bottles_dyeable":9,"minecraft:armor_stand":1,"decocraft:candle_holder_4_silver_flipbook.00":3,"decocraft:farming":1,"minecraft:spruce_planks":198,"decocraft:barricade_1":6,"minecraft:stone_hoe":36,"travelersbackpack:bat":5,"minecraft:netherrack":5,"minecraft:cooked_chicken":8,"minecraft:torch":30,"days_in_the_middle_ages:barrel_beer":6,"minecraft:dirt":210,"jet_and_elias_armors:dark_crusader_armor_chestplate":1,"travelersbackpack:gray_sleeping_bag":9,"minecraft:white_carpet":37,"decocraft:general_store":1,"minecraft:spruce_stairs":32,"fantasyfurniture:necrolord/lockbox":3,"jet_and_elias_armors:the_dames_armor_helmet":1,"minecraft:spruce_fence":6,"minecraft:iron_hoe":57,"minecraft:stone_brick_slab":161,"armourers_workshop:skin-library":3,"minecraft:iron_axe":276,"minecraft:oak_stairs":127,"minecraft:brick_stairs":90,"minecraft:polished_deepslate_wall":26,"decocraft:papel_picado_purple":8,"jet_and_elias_armors:havoc_knight_armor_boots":1,"minecraft:totem_of_undying":1,"minecraft:glowstone":3,"wom:antitheus":4,"fantasyfurniture:necrolord/dresser":2,"minecraft:basalt":19,"minecraft:iron_trapdoor":1,"jet_and_elias_armors:havoc_knight_armor_leggings":1,"mcwdoors:acacia_japanese2_door":2,"minecraft:beef":3,"days_in_the_middle_ages:cell_window":2,"cozy_home:table_oak_single":2,"cozy_home:table_stump_oak_single":4,"decocraft:apothecary":5,"tombstone:gift":8,"decocraft:barrel_green_apple":1,"minecraft:cooked_beef":171,"minecraft:acacia_planks":23,"days_in_the_middle_ages:gallow_standalone":4,"farmersdelight:fried_egg":15,"jet_and_elias_armors:raider_armor_leggings":2,"minecraft:wheat_seeds":155,"minecraft:cooked_mutton":98,"decocraft:armorer":2,"minecraft:water_bucket":1,"minecraft:dirt_path":8,"minecraft:cobblestone_stairs":25,"epicfight:iron_spear":1619,"fantasyfurniture:venthyr/desk_left":4,"decocraft:toilet_1":1,"minecraft:baked_potato":59,"fantasyfurniture:venthyr/chest":2,"jet_and_elias_armors:big_havoc_knighe_helmet_helmet":1,"minecraft:deepslate_bricks":27,"jet_and_elias_armors:dark_crusader_armor_helmet":1,"cozy_home:dark_oak_mirror":6,"jet_and_elias_armors:iron_ronin_chestplate":1,"decocraft:wooden_table_1_mw":2,"minecraft:crafting_table":16,"minecraft:oak_slab":6,"days_in_the_middle_ages:cell_door":2,"minecraft:white_bed":5,"minecraft:dark_oak_fence_gate":2,"minecraft:smoker":3,"justhammers:iron_hammer":529,"mowziesmobs:wrought_axe":1,"tombstone:bag_of_seeds":6,"minecraft:oak_log":27,"minecraft:black_wool":1,"minecraft:diamond_shovel":37,"armourers_workshop:armourer":1,"minecraft:iron_pickaxe":677,"jet_and_elias_armors:japanese_footsoldier_chestplate":1,"jet_and_elias_armors:havoc_knight_armor_chestplate":1,"minecraft:spruce_trapdoor":10,"armourers_workshop:mannequin":21,"fantasyfurniture:nordic/lockbox":1,"minecraft:stone_axe":30,"jet_and_elias_armors:the_dames_armor_leggings":1,"minecraft:cobblestone":172,"minecraft:white_banner":6,"minecraft:bucket":5,"minecraft:cooked_porkchop":72,"minecraft:glass_pane":6,"jet_and_elias_armors:raider_light_variant_chestplate":1,"fantasyfurniture:decorations/coin_stack_gold":1,"minecraft:stripped_oak_log":45,"mcwdoors:dark_oak_bamboo_door":3,"minecraft:candle":1,"minecraft:smooth_stone":12,"decocraft:camping":2},"minecraft:picked_up":{"minecraft:iron_chestplate":2,"minecraft:wheat":89,"travelersbackpack:bat":27,"jet_and_elias_armors:death_knight_armor_helmet":1,"minecraft:lead":3,"jet_and_elias_armors:the_dames_armor_leggings":1,"fantasyfurniture:decorations/nordic_mead_bottles":1,"minecraft:string":51,"minecraft:raw_copper":54,"oriacs:umbrella":1,"jet_and_elias_armors:havoc_knight_armor_leggings":1,"minecraft:iron_leggings":2,"jet_and_elias_armors:the_dames_armor_helmet":1,"minecraft:gold_nugget":64,"minecraft:cobbled_deepslate":363,"minecraft:spruce_planks":271,"wom:moonless":1,"minecraft:redstone_torch":4,"minecraft:written_book":3,"minecraft:cobblestone_slab":2,"minecraft:iron_pickaxe":3,"jet_and_elias_armors:dark_crusader_armor_boots":1,"farmersdelight:ratatouille":1,"minecraft:iron_boots":2,"minecraft:furnace":9,"minecraft:stick":26,"jet_and_elias_armors:samurai_set_helmet":2,"minecraft:oak_fence":8,"minecraft:torch":18,"minecraft:acacia_log":82,"minecraft:spruce_stairs":1,"epicfight:skillbook":35,"minecraft:porkchop":120,"minecraft:pointed_dripstone":2,"tombstone:grave_dust":34,"minecraft:diorite":53,"jet_and_elias_armors:outrider_set_helmet":2,"jet_and_elias_armors:dark_crusader_armor_chestplate":1,"minecraft:stone_sword":1,"minecraft:rotten_flesh":244,"minecraft:carved_pumpkin":2,"minecraft:blaze_rod":3,"minecraft:cobblestone":1854,"paraglider:paraglider":1,"minecraft:magma_block":4,"minecraft:feather":113,"minecraft:cooked_beef":11,"exoticbirds:kiwi_egg":1,"minecraft:andesite":38,"minecraft:smoker":2,"minecraft:potato":225,"paraglider:spirit_orb":4,"minecraft:map":4,"minecraft:lapis_lazuli":17,"minecraft:dirt":217,"minecraft:lantern":7,"minecraft:bone":110,"minecraft:acacia_planks":44,"decocraft:broom":1,"minecraft:bow":6,"minecraft:wheat_seeds":318,"minecraft:raw_gold":42,"jet_and_elias_armors:dark_crusader_armor_helmet":1,"travelersbackpack:bee":1,"minecraft:oak_planks":18,"jet_and_elias_armors:havoc_knight_armor_boots":1,"jet_and_elias_armors:raider_armor_leggings":2,"minecraft:cooked_porkchop":67,"decocraft:blood_puddle":7,"customnpcs:npcsoulstonefilled":1,"justhammers:iron_hammer":1,"minecraft:sand":28,"enchantedcharms:copper_charm":5,"jet_and_elias_armors:death_knight_armor_boots":1,"minecraft:grass_block":5,"minecraft:bundle":5,"minecraft:sugar":2,"tombstone:familiar_stone":3,"minecraft:diamond":1,"minecraft:writable_book":1,"minecraft:crossbow":7,"minecraft:granite":73,"minecraft:emerald":11,"minecraft:oak_sapling":3,"minecraft:netherrack":1368,"minecraft:crafting_table":16,"minecraft:azure_bluet":1,"minecraft:chicken":24,"minecraft:ladder":2,"jet_and_elias_armors:dark_crusader_armor_leggings":1,"minecraft:wooden_pickaxe":1,"paraglider:heart_container":3,"minecraft:iron_axe":5,"minecraft:wooden_sword":1,"minecraft:netherite_scrap":12,"minecraft:compass":1,"jet_and_elias_armors:death_knight_armor_leggings":1,"minecraft:white_carpet":4,"minecraft:iron_shovel":5,"minecraft:blackstone":339,"jet_and_elias_armors:mercenary_gear_boots":1,"minecraft:beef":258,"wom:demon_seal":1,"minecraft:poppy":5,"minecraft:sugar_cane":6,"minecraft:chest":2,"minecraft:phantom_membrane":4,"minecraft:egg":25,"jet_and_elias_armors:raider_armor_boots":2,"minecraft:raw_iron":187,"minecraft:carrot":31,"minecraft:redstone":122,"minecraft:arrow":120,"minecraft:beetroot_seeds":4,"minecraft:nether_bricks":3,"minecraft:shears":3,"mowziesmobs:umvuthana_mask_bliss":5,"minecraft:totem_of_undying":2,"minecraft:saddle":1,"jet_and_elias_armors:raider_light_variant_chestplate":1,"tombstone:essence_of_undeath":2,"jet_and_elias_armors:death_knight_armor_chestplate":1,"minecraft:mutton":83,"minecraft:rail":4,"minecraft:white_wool":62,"jet_and_elias_armors:havoc_knight_armor_chestplate":1,"mowziesmobs:umvuthana_mask_fury":2,"alexsmobs:sopa_de_macaco":1,"minecraft:basalt":1068,"minecraft:leather":68,"minecraft:oak_log":57,"minecraft:ancient_debris":3,"minecraft:gunpowder":54,"minecraft:cobblestone_stairs":25,"mowziesmobs:wrought_axe":3,"mca:book_romance":1,"armourers_workshop:skin":1,"minecraft:paper":2,"minecraft:white_banner":1,"jet_and_elias_armors:big_havoc_knighe_helmet_helmet":1,"tombstone:gift":1,"wom:netherite_belt":1,"jet_and_elias_armors:wokou_armor_black_helmet":1,"minecraft:cooked_mutton":15,"exoticbirds:cockatoo_egg":1,"decocraft:coin_pile_silver":2,"minecraft:apple":1,"mowziesmobs:umvuthana_mask_rage":7,"alexsmobs:cockroach_wing_fragment":1,"minecraft:iron_ingot":128,"minecraft:stone_pickaxe":2,"minecraft:cooked_chicken":1,"weaponmaster:tutorialbook":28,"tombstone:bag_of_seeds":5,"mowziesmobs:umvuthana_mask_misery":8,"minecraft:iron_sword":3,"minecraft:acacia_sapling":5,"decocraft:coin_pile_copper":85,"jet_and_elias_armors:the_dames_armor_chestplate":1,"jet_and_elias_armors:iron_ronin_chestplate":1,"epicfight:iron_spear":6,"minecraft:quartz":18,"fantasyfurniture:decorations/book_stack":3,"minecraft:gravel":4,"mowziesmobs:wrought_helmet":1,"minecraft:blast_furnace":5,"minecraft:white_bed":4,"minecraft:spider_eye":20,"minecraft:pumpkin_seeds":12,"minecraft:stone_axe":4,"wom:netherite_chains":1,"minecraft:iron_helmet":4,"minecraft:gray_wool":4,"mowziesmobs:umvuthana_mask_fear":5,"minecraft:baked_potato":112,"tombstone:magic_scroll":2,"minecraft:coal":369,"minecraft:ender_pearl":3},"minecraft:killed":{"minecraft:cave_spider":3,"minecraft:witch":2,"minecraft:spider":39,"minecraft:skeleton":97,"minecraft:chicken":13,"minecraft:magma_cube":4,"minecraft:pig":23,"minecraft:iron_golem":1,"alexsmobs:stradpole":1,"minecraft:creeper":42,"minecraft:sheep":24,"minecraft:pillager":22,"minecraft:zombie":181,"alexsmobs:terrapin":1,"mowziesmobs:umvuthana_raptor":10,"minecraft:blaze":8,"minecraft:cow":32,"exoticbirds:peafowl":1,"minecraft:evoker":1,"minecraft:vex":1,"mca:male_zombie_villager":3,"minecraft:vindicator":6,"minecraft:phantom":3,"minecraft:husk":1,"mowziesmobs:umvuthana_follower_raptor":47,"alexsmobs:cockroach":1,"minecraft:wither_skeleton":2,"minecraft:enderman":5},"minecraft:custom":{"minecraft:interact_with_crafting_table":106,"goblintraders:trade_with_goblin":15,"minecraft:leave_game":45,"minecraft:time_since_death":64373,"minecraft:sprint_one_cm":5418150,"minecraft:drop":192,"minecraft:play_time":1871521,"minecraft:deaths":32,"minecraft:jump":11642,"minecraft:walk_on_water_one_cm":108637,"minecraft:interact_with_furnace":101,"minecraft:sleep_in_bed":3,"minecraft:waystone_activated":6,"minecraft:damage_dealt":98931,"minecraft:player_kills":1,"minecraft:crouch_one_cm":45410,"tombstone:undead_killed":206,"minecraft:interact_with_smoker":81,"minecraft:mob_kills":590,"minecraft:damage_dealt_resisted":326,"minecraft:climb_one_cm":95039,"minecraft:walk_one_cm":8823752,"minecraft:damage_dealt_absorbed":2440,"minecraft:raid_win":2,"minecraft:sneak_time":18835,"minecraft:walk_under_water_one_cm":68868,"minecraft:interact_with_blast_furnace":24,"minecraft:total_world_time":1871521,"tombstone:raider_killed":30,"minecraft:time_since_rest":64544,"minecraft:damage_absorbed":80,"minecraft:damage_taken":33449,"minecraft:swim_one_cm":28459,"minecraft:fly_one_cm":11610947,"minecraft:open_chest":687,"minecraft:aviate_one_cm":1098704,"minecraft:fall_one_cm":233882},"minecraft:mined":{"minecraft:white_bed":4,"minecraft:spruce_planks":79,"orcz:orcamanita":4,"minecraft:cobblestone_stairs":25,"minecraft:carved_pumpkin":2,"minecraft:granite":3,"minecraft:acacia_log":58,"minecraft:grass_block":21,"minecraft:spawner":1,"minecraft:magma_block":4,"minecraft:iron_ore":124,"minecraft:fire":11,"decocraft:broom":1,"minecraft:black_carpet":1,"minecraft:pointed_dripstone":2,"decocraft:blood_puddle":7,"minecraft:deepslate_redstone_ore":23,"minecraft:smoker":2,"minecraft:torch":1,"minecraft:blast_furnace":3,"minecraft:chest":2,"minecraft:nether_quartz_ore":2,"minecraft:glass":1,"minecraft:cobblestone":39,"minecraft:sugar_cane":4,"minecraft:wall_torch":3,"orcz:orcagaric":2,"minecraft:wheat":66,"minecraft:grass":42,"orcz:blue_orcshroom":1,"minecraft:oak_log":55,"minecraft:sand":18,"minecraft:dirt":63,"minecraft:netherrack":29,"minecraft:oak_leaves":16,"minecraft:deepslate":2,"minecraft:deepslate_diamond_ore":1,"farmersdelight:wild_carrots":1,"minecraft:nether_bricks":5,"travelersbackpack:bat":26,"minecraft:furnace":8,"minecraft:andesite":10,"minecraft:potatoes":1,"minecraft:deepslate_iron_ore":1,"minecraft:rail":1,"minecraft:lantern":3,"minecraft:stone":272,"minecraft:redstone_wall_torch":4,"minecraft:acacia_leaves":4,"minecraft:crafting_table":14,"minecraft:copper_ore":7,"minecraft:tall_grass":18,"minecraft:lapis_ore":3,"minecraft:diorite":1,"minecraft:spruce_stairs":1,"minecraft:coal_ore":169,"minecraft:gravel":4,"minecraft:cobweb":1,"minecraft:acacia_planks":14,"minecraft:gold_ore":8},"minecraft:dropped":{"minecraft:iron_sword":1,"minecraft:cooked_beef":2,"minecraft:oak_log":34,"minecraft:baked_potato":197,"minecraft:cooked_porkchop":35,"minecraft:crossbow":2,"wom:moonless":1,"minecraft:glow_berries":3,"minecraft:leather":1,"minecraft:dirt":41,"mowziesmobs:umvuthana_mask_bliss":2,"jet_and_elias_armors:samurai_set_helmet":1,"minecraft:wooden_sword":1,"minecraft:writable_book":2,"minecraft:sugar":2,"minecraft:bone":3,"minecraft:blackstone":343,"mowziesmobs:umvuthana_mask_rage":1,"minecraft:ancient_debris":2,"minecraft:cooked_chicken":1,"jet_and_elias_armors:the_dames_armor_chestplate":1,"armourers_workshop:skin":1,"minecraft:rotten_flesh":30,"wom:netherite_belt":1,"travelersbackpack:bat":2,"minecraft:poppy":2,"customnpcs:npcwand":1,"jet_and_elias_armors:outrider_set_helmet":2,"minecraft:gunpowder":8,"jet_and_elias_armors:death_knight_armor_chestplate":1,"minecraft:basalt":1035,"minecraft:arrow":11,"exoticbirds:cockatoo_egg":1,"jet_and_elias_armors:death_knight_armor_leggings":1,"minecraft:beef":192,"minecraft:quartz":18,"oriacs:umbrella":1,"minecraft:written_book":3,"jet_and_elias_armors:the_dames_armor_helmet":1,"minecraft:netherrack":292,"minecraft:egg":2,"wom:netherite_chains":1,"minecraft:wheat_seeds":60,"weaponmaster:tutorialbook":19,"minecraft:feather":2,"minecraft:cobblestone":16,"mowziesmobs:umvuthana_mask_fear":1,"minecraft:granite":1,"jet_and_elias_armors:iron_ronin_chestplate":1,"mowziesmobs:wrought_axe":2,"jet_and_elias_armors:death_knight_armor_boots":1,"jet_and_elias_armors:dark_crusader_armor_helmet":1,"minecraft:stick":2,"minecraft:torch":1,"jet_and_elias_armors:havoc_knight_armor_boots":1,"tombstone:grave_dust":4,"mowziesmobs:wrought_helmet":1,"alexsmobs:rainbow_glass":1,"minecraft:white_banner":1,"decocraft:coin_pile_copper":84,"jet_and_elias_armors:raider_armor_leggings":1,"jet_and_elias_armors:dark_crusader_armor_leggings":1,"jet_and_elias_armors:raider_armor_boots":1,"minecraft:string":4,"minecraft:acacia_planks":47,"minecraft:redstone":69,"jet_and_elias_armors:mercenary_gear_boots":1,"jet_and_elias_armors:death_knight_armor_helmet":1,"epicfight:iron_spear":3,"minecraft:stone_sword":1,"minecraft:shears":2,"jet_and_elias_armors:big_havoc_knighe_helmet_helmet":1,"jet_and_elias_armors:the_dames_armor_leggings":1,"minecraft:potato":66,"minecraft:cobblestone_slab":2,"jet_and_elias_armors:havoc_knight_armor_chestplate":1,"mowziesmobs:umvuthana_mask_misery":1,"minecraft:spruce_planks":192,"minecraft:bundle":2,"minecraft:carved_pumpkin":1,"minecraft:spider_eye":7,"jet_and_elias_armors:havoc_knight_armor_leggings":1,"minecraft:stone_pickaxe":2,"jet_and_elias_armors:dark_crusader_armor_boots":1,"minecraft:wooden_pickaxe":1,"wom:demon_seal":1,"minecraft:magma_block":4,"jet_and_elias_armors:dark_crusader_armor_chestplate":1,"epicfight:skillbook":3},"minecraft:broken":{"mowziesmobs:umvuthana_mask_fear":2,"jet_and_elias_armors:raider_armor_boots":1,"jet_and_elias_armors:knight_f_white_helmet":1,"epicfight:iron_spear":6,"jet_and_elias_armors:wokou_armor_black_helmet":1,"mowziesmobs:umvuthana_mask_fury":1,"jet_and_elias_armors:raider_light_variant_chestplate":1,"justhammers:iron_hammer":3,"jet_and_elias_armors:raider_armor_leggings":1,"minecraft:iron_axe":1,"minecraft:iron_pickaxe":2},"minecraft:killed_by":{"minecraft:creeper":1,"minecraft:vindicator":1,"minecraft:blaze":2,"minecraft:vex":1,"minecraft:player":6,"minecraft:enderman":1,"minecraft:skeleton":6,"mowziesmobs:umvuthana_raptor":1}},"DataVersion":2975}