{"stats":{"minecraft:broken":{"jet_and_elias_armors:raider_armor_boots":1,"jet_and_elias_armors:knight_f_white_helmet":1,"epicfight:iron_spear":5,"jet_and_elias_armors:wokou_armor_black_helmet":1,"jet_and_elias_armors:raider_light_variant_chestplate":1,"justhammers:iron_hammer":3,"jet_and_elias_armors:raider_armor_leggings":1,"minecraft:iron_axe":1,"minecraft:iron_pickaxe":2},"minecraft:used":{"minecraft:writable_book":4,"decocraft:candle_holder_wall_1_black_flipbook.00":5,"decocraft:furniture_shop":4,"minecraft:iron_shovel":41,"minecraft:diamond_hoe":9,"minecraft:chest":18,"minecraft:stone":118,"minecraft:iron_sword":246,"minecraft:zombie_spawn_egg":1,"jet_and_elias_armors:dark_crusader_armor_boots":1,"jet_and_elias_armors:raider_armor_boots":2,"customnpcs:npcwand":5,"minecraft:skeleton_spawn_egg":1,"customnpcs:npcsoulstonefilled":4,"fantasyfurniture:necrolord/wardrobe_bottom":1,"mowziesmobs:wroughtnaut_spawn_egg":2,"minecraft:brick_slab":27,"minecraft:carrot":7,"jet_and_elias_armors:the_dames_armor_chestplate":1,"minecraft:glass":7,"wom:agony":18,"minecraft:bricks":16,"minecraft:grass_block":15,"minecraft:lantern":103,"minecraft:iron_helmet":4,"cozy_home:table_stump_spruce_single":2,"decocraft:coin_pile_gold":1,"minecraft:stone_brick_stairs":25,"minecraft:stone_bricks":1755,"minecraft:red_carpet":4,"minecraft:furnace":13,"mcwdoors:spruce_stable_door":5,"minecraft:potato":14,"minecraft:deepslate_brick_wall":207,"epicfight:skillbook":30,"minecraft:stone_pickaxe":104,"decocraft:lumber":1,"jet_and_elias_armors:knight_f_white_helmet":1,"minecraft:wooden_pickaxe":3,"minecraft:sugar_cane":6,"jet_and_elias_armors:dark_crusader_armor_leggings":1,"decocraft:chandelier_chain_black":4,"minecraft:blast_furnace":4,"decocraft:chandelier_medieval.00":2,"minecraft:crossbow":1,"minecraft:stone_brick_wall":33,"minecraft:shears":2,"minecraft:acacia_door":1,"minecraft:bread":7,"armourers_workshop:skin-library-global":3,"fantasyfurniture:decorations/potion_bottles":11,"minecraft:diamond_sword":15,"jet_and_elias_armors:outrider_set_helmet":1,"minecraft:wooden_sword":18,"decocraft:carpenter":1,"minecraft:andesite":2,"fantasyfurniture:decorations/book_stack":10,"minecraft:oak_fence":28,"minecraft:trident":2,"decocraft:double_bed_ww_magenta":1,"minecraft:iron_bars":6,"minecraft:stone_sword":74,"decocraft:chandelier_2_gold_flipbook.00":5,"decocraft:coin_pile_copper":3,"fantasyfurniture:decorations/potion_bottles_dyeable":5,"minecraft:armor_stand":1,"decocraft:farming":1,"minecraft:spruce_planks":198,"minecraft:netherrack":5,"travelersbackpack:bat":5,"minecraft:cooked_chicken":8,"minecraft:torch":30,"minecraft:dirt":108,"jet_and_elias_armors:dark_crusader_armor_chestplate":1,"decocraft:general_store":1,"minecraft:spruce_stairs":32,"jet_and_elias_armors:the_dames_armor_helmet":1,"minecraft:iron_hoe":50,"minecraft:stone_brick_slab":129,"armourers_workshop:skin-library":2,"minecraft:iron_axe":276,"minecraft:oak_stairs":9,"minecraft:brick_stairs":90,"jet_and_elias_armors:havoc_knight_armor_boots":1,"fantasyfurniture:necrolord/dresser":2,"jet_and_elias_armors:havoc_knight_armor_leggings":1,"minecraft:basalt":19,"mcwdoors:acacia_japanese2_door":2,"minecraft:beef":3,"tombstone:gift":7,"cozy_home:table_oak_single":2,"decocraft:apothecary":5,"minecraft:cooked_beef":64,"minecraft:acacia_planks":22,"jet_and_elias_armors:raider_armor_leggings":2,"farmersdelight:fried_egg":15,"minecraft:wheat_seeds":46,"minecraft:cooked_mutton":98,"decocraft:armorer":2,"minecraft:water_bucket":1,"minecraft:cobblestone_stairs":25,"epicfight:iron_spear":1250,"fantasyfurniture:venthyr/desk_left":4,"minecraft:baked_potato":59,"fantasyfurniture:venthyr/chest":2,"jet_and_elias_armors:big_havoc_knighe_helmet_helmet":1,"jet_and_elias_armors:dark_crusader_armor_helmet":1,"decocraft:wooden_table_1_mw":2,"minecraft:crafting_table":16,"minecraft:white_bed":5,"justhammers:iron_hammer":529,"minecraft:smoker":3,"mowziesmobs:wrought_axe":1,"tombstone:bag_of_seeds":6,"minecraft:oak_log":1,"minecraft:diamond_shovel":15,"armourers_workshop:armourer":1,"minecraft:iron_pickaxe":624,"jet_and_elias_armors:havoc_knight_armor_chestplate":1,"jet_and_elias_armors:the_dames_armor_leggings":1,"minecraft:stone_axe":30,"armourers_workshop:mannequin":3,"minecraft:cobblestone":166,"minecraft:cooked_porkchop":47,"minecraft:bucket":5,"jet_and_elias_armors:raider_light_variant_chestplate":1,"fantasyfurniture:decorations/coin_stack_gold":1,"mcwdoors:dark_oak_bamboo_door":3,"minecraft:smooth_stone":12,"decocraft:camping":2},"minecraft:picked_up":{"minecraft:iron_chestplate":2,"jet_and_elias_armors:death_knight_armor_helmet":1,"minecraft:wheat":35,"travelersbackpack:bat":19,"jet_and_elias_armors:the_dames_armor_leggings":1,"minecraft:string":41,"minecraft:raw_copper":54,"jet_and_elias_armors:havoc_knight_armor_leggings":1,"minecraft:iron_leggings":2,"jet_and_elias_armors:the_dames_armor_helmet":1,"minecraft:gold_nugget":64,"minecraft:cobbled_deepslate":362,"minecraft:spruce_planks":271,"minecraft:cobblestone_slab":2,"minecraft:iron_pickaxe":3,"jet_and_elias_armors:dark_crusader_armor_boots":1,"minecraft:furnace":9,"minecraft:iron_boots":2,"minecraft:stick":18,"jet_and_elias_armors:samurai_set_helmet":2,"minecraft:oak_fence":6,"minecraft:torch":18,"minecraft:acacia_log":82,"minecraft:spruce_stairs":1,"epicfight:skillbook":20,"minecraft:porkchop":120,"minecraft:pointed_dripstone":2,"tombstone:grave_dust":23,"minecraft:diorite":53,"jet_and_elias_armors:outrider_set_helmet":2,"jet_and_elias_armors:dark_crusader_armor_chestplate":1,"minecraft:stone_sword":1,"minecraft:rotten_flesh":201,"orcz:orcshroom":1,"minecraft:carved_pumpkin":2,"minecraft:blaze_rod":3,"minecraft:cobblestone":1845,"paraglider:paraglider":1,"minecraft:magma_block":4,"minecraft:feather":111,"minecraft:cooked_beef":11,"orcz:orcteeth":10,"minecraft:andesite":38,"minecraft:smoker":2,"minecraft:potato":216,"paraglider:spirit_orb":4,"minecraft:lantern":7,"minecraft:map":4,"minecraft:lapis_lazuli":17,"minecraft:dirt":152,"minecraft:bone":88,"minecraft:acacia_planks":44,"minecraft:bow":4,"minecraft:wheat_seeds":114,"jet_and_elias_armors:dark_crusader_armor_helmet":1,"minecraft:raw_gold":42,"minecraft:oak_planks":18,"jet_and_elias_armors:havoc_knight_armor_boots":1,"jet_and_elias_armors:raider_armor_leggings":2,"minecraft:cooked_porkchop":34,"orcz:orcagaric":6,"customnpcs:npcsoulstonefilled":1,"justhammers:iron_hammer":1,"minecraft:sand":14,"enchantedcharms:copper_charm":5,"jet_and_elias_armors:death_knight_armor_boots":1,"minecraft:grass_block":5,"minecraft:bundle":4,"tombstone:familiar_stone":1,"minecraft:writable_book":1,"minecraft:crossbow":5,"minecraft:granite":72,"minecraft:emerald":6,"minecraft:oak_sapling":1,"minecraft:netherrack":1368,"minecraft:crafting_table":16,"minecraft:azure_bluet":1,"minecraft:chicken":24,"jet_and_elias_armors:dark_crusader_armor_leggings":1,"minecraft:wooden_pickaxe":1,"paraglider:heart_container":2,"minecraft:iron_axe":5,"minecraft:wooden_sword":1,"minecraft:netherite_scrap":12,"jet_and_elias_armors:death_knight_armor_leggings":1,"minecraft:compass":1,"minecraft:white_carpet":4,"minecraft:iron_shovel":4,"minecraft:blackstone":339,"jet_and_elias_armors:mercenary_gear_boots":1,"minecraft:beef":121,"wom:demon_seal":1,"minecraft:poppy":1,"minecraft:chest":2,"minecraft:sugar_cane":6,"minecraft:phantom_membrane":3,"minecraft:egg":25,"jet_and_elias_armors:raider_armor_boots":2,"minecraft:raw_iron":183,"minecraft:carrot":30,"minecraft:redstone":17,"minecraft:arrow":97,"minecraft:beetroot_seeds":4,"minecraft:nether_bricks":3,"minecraft:shears":2,"mowziesmobs:umvuthana_mask_bliss":5,"jet_and_elias_armors:raider_light_variant_chestplate":1,"tombstone:essence_of_undeath":1,"jet_and_elias_armors:death_knight_armor_chestplate":1,"minecraft:mutton":83,"minecraft:white_wool":62,"minecraft:rail":3,"jet_and_elias_armors:havoc_knight_armor_chestplate":1,"mowziesmobs:umvuthana_mask_fury":1,"minecraft:basalt":1037,"minecraft:leather":64,"minecraft:oak_log":56,"minecraft:ancient_debris":3,"minecraft:gunpowder":33,"minecraft:cobblestone_stairs":25,"mowziesmobs:wrought_axe":3,"mca:book_romance":1,"armourers_workshop:skin":1,"minecraft:paper":2,"jet_and_elias_armors:big_havoc_knighe_helmet_helmet":1,"minecraft:white_banner":1,"wom:netherite_belt":1,"jet_and_elias_armors:wokou_armor_black_helmet":1,"minecraft:cooked_mutton":15,"decocraft:coin_pile_silver":2,"minecraft:apple":1,"mowziesmobs:umvuthana_mask_rage":7,"alexsmobs:cockroach_wing_fragment":1,"minecraft:iron_ingot":119,"minecraft:stone_pickaxe":2,"minecraft:cooked_chicken":1,"weaponmaster:tutorialbook":11,"tombstone:bag_of_seeds":4,"jet_and_elias_armors:the_dames_armor_chestplate":1,"mowziesmobs:umvuthana_mask_misery":8,"minecraft:iron_sword":3,"minecraft:acacia_sapling":5,"decocraft:coin_pile_copper":85,"jet_and_elias_armors:iron_ronin_chestplate":1,"epicfight:iron_spear":6,"minecraft:quartz":18,"minecraft:gravel":4,"orcz:orcamanita":14,"mowziesmobs:wrought_helmet":1,"minecraft:blast_furnace":5,"minecraft:white_bed":4,"minecraft:spider_eye":14,"minecraft:pumpkin_seeds":8,"minecraft:stone_axe":3,"wom:netherite_chains":1,"minecraft:iron_helmet":4,"minecraft:gray_wool":4,"mowziesmobs:umvuthana_mask_fear":4,"minecraft:baked_potato":112,"tombstone:magic_scroll":2,"minecraft:coal":364,"minecraft:ender_pearl":2},"minecraft:killed":{"minecraft:cave_spider":3,"minecraft:spider":29,"minecraft:skeleton":79,"minecraft:chicken":13,"minecraft:magma_cube":4,"minecraft:pig":23,"orcz:goblinsavagemace":1,"alexsmobs:stradpole":1,"minecraft:creeper":29,"minecraft:sheep":24,"minecraft:pillager":19,"minecraft:zombie":141,"alexsmobs:terrapin":1,"orcz:snot":1,"mowziesmobs:umvuthana_raptor":9,"minecraft:cow":28,"minecraft:blaze":8,"mca:male_zombie_villager":3,"minecraft:phantom":3,"orcz:orcsavagemace":1,"minecraft:husk":1,"mowziesmobs:umvuthana_follower_raptor":44,"alexsmobs:cockroach":1,"minecraft:wither_skeleton":2,"minecraft:enderman":4},"minecraft:dropped":{"minecraft:iron_sword":1,"minecraft:cooked_beef":2,"minecraft:oak_log":34,"minecraft:baked_potato":197,"minecraft:cooked_porkchop":2,"minecraft:glow_berries":3,"minecraft:leather":1,"minecraft:dirt":37,"mowziesmobs:umvuthana_mask_bliss":2,"jet_and_elias_armors:samurai_set_helmet":1,"minecraft:writable_book":2,"minecraft:wooden_sword":1,"minecraft:blackstone":343,"minecraft:ancient_debris":2,"mowziesmobs:umvuthana_mask_rage":1,"minecraft:cooked_chicken":1,"jet_and_elias_armors:the_dames_armor_chestplate":1,"armourers_workshop:skin":1,"minecraft:rotten_flesh":8,"wom:netherite_belt":1,"travelersbackpack:bat":2,"orcz:orcshroom":1,"jet_and_elias_armors:outrider_set_helmet":2,"jet_and_elias_armors:death_knight_armor_chestplate":1,"minecraft:basalt":1035,"minecraft:arrow":2,"jet_and_elias_armors:death_knight_armor_leggings":1,"minecraft:beef":64,"minecraft:written_book":1,"jet_and_elias_armors:the_dames_armor_helmet":1,"minecraft:netherrack":292,"minecraft:egg":2,"wom:netherite_chains":1,"minecraft:wheat_seeds":3,"weaponmaster:tutorialbook":11,"minecraft:cobblestone":7,"mowziesmobs:umvuthana_mask_fear":1,"orcz:orcagaric":1,"jet_and_elias_armors:iron_ronin_chestplate":1,"jet_and_elias_armors:death_knight_armor_boots":1,"mowziesmobs:wrought_axe":2,"jet_and_elias_armors:dark_crusader_armor_helmet":1,"minecraft:stick":2,"minecraft:torch":1,"jet_and_elias_armors:havoc_knight_armor_boots":1,"jet_and_elias_armors:dark_crusader_armor_leggings":1,"mowziesmobs:wrought_helmet":1,"minecraft:white_banner":1,"jet_and_elias_armors:raider_armor_leggings":1,"jet_and_elias_armors:raider_armor_boots":1,"decocraft:coin_pile_copper":20,"minecraft:string":1,"jet_and_elias_armors:mercenary_gear_boots":1,"jet_and_elias_armors:death_knight_armor_helmet":1,"epicfight:iron_spear":3,"minecraft:stone_sword":1,"orcz:orcamanita":10,"minecraft:shears":2,"jet_and_elias_armors:big_havoc_knighe_helmet_helmet":1,"jet_and_elias_armors:the_dames_armor_leggings":1,"minecraft:cobblestone_slab":2,"minecraft:potato":65,"jet_and_elias_armors:havoc_knight_armor_chestplate":1,"mowziesmobs:umvuthana_mask_misery":1,"minecraft:bundle":1,"minecraft:spruce_planks":192,"minecraft:carved_pumpkin":1,"jet_and_elias_armors:havoc_knight_armor_leggings":1,"minecraft:spider_eye":3,"jet_and_elias_armors:dark_crusader_armor_boots":1,"minecraft:stone_pickaxe":2,"minecraft:wooden_pickaxe":1,"wom:demon_seal":1,"minecraft:magma_block":4,"jet_and_elias_armors:dark_crusader_armor_chestplate":1},"minecraft:killed_by":{"minecraft:blaze":2,"minecraft:player":6,"orcz:weirdboinecro":1,"minecraft:enderman":1,"minecraft:skeleton":4,"mowziesmobs:umvuthana_raptor":1},"minecraft:mined":{"minecraft:spruce_planks":79,"orcz:orcamanita":4,"minecraft:white_bed":4,"minecraft:cobblestone_stairs":25,"minecraft:carved_pumpkin":2,"minecraft:granite":2,"minecraft:acacia_log":58,"minecraft:grass_block":21,"minecraft:spawner":1,"minecraft:magma_block":4,"minecraft:iron_ore":120,"minecraft:fire":11,"minecraft:pointed_dripstone":2,"minecraft:smoker":2,"minecraft:torch":1,"minecraft:blast_furnace":3,"minecraft:chest":2,"minecraft:nether_quartz_ore":2,"minecraft:glass":1,"minecraft:cobblestone":39,"minecraft:sugar_cane":4,"minecraft:wall_torch":3,"orcz:orcagaric":2,"minecraft:wheat":8,"minecraft:grass":40,"minecraft:oak_log":55,"minecraft:sand":18,"minecraft:dirt":62,"minecraft:netherrack":29,"minecraft:oak_leaves":16,"minecraft:deepslate":1,"farmersdelight:wild_carrots":1,"minecraft:nether_bricks":5,"travelersbackpack:bat":18,"minecraft:furnace":8,"minecraft:andesite":10,"minecraft:deepslate_iron_ore":1,"minecraft:rail":1,"minecraft:lantern":3,"minecraft:stone":263,"minecraft:acacia_leaves":4,"minecraft:crafting_table":14,"minecraft:tall_grass":9,"minecraft:copper_ore":7,"minecraft:lapis_ore":3,"minecraft:diorite":1,"minecraft:spruce_stairs":1,"minecraft:coal_ore":163,"minecraft:gravel":4,"minecraft:cobweb":1,"minecraft:acacia_planks":14,"minecraft:gold_ore":8},"minecraft:custom":{"minecraft:interact_with_crafting_table":103,"goblintraders:trade_with_goblin":15,"minecraft:leave_game":25,"minecraft:time_since_death":124765,"minecraft:sprint_one_cm":3972015,"minecraft:drop":139,"minecraft:play_time":1313802,"minecraft:deaths":23,"minecraft:jump":8350,"minecraft:walk_on_water_one_cm":47898,"minecraft:interact_with_furnace":100,"minecraft:sleep_in_bed":1,"minecraft:waystone_activated":6,"minecraft:damage_dealt":78779,"minecraft:crouch_one_cm":22434,"tombstone:undead_killed":148,"minecraft:interact_with_smoker":79,"minecraft:mob_kills":482,"minecraft:damage_dealt_resisted":278,"minecraft:climb_one_cm":30301,"minecraft:walk_one_cm":6104093,"minecraft:damage_dealt_absorbed":2381,"minecraft:raid_win":1,"minecraft:sneak_time":10627,"minecraft:walk_under_water_one_cm":61250,"minecraft:interact_with_blast_furnace":24,"minecraft:total_world_time":1313802,"tombstone:raider_killed":18,"minecraft:time_since_rest":124786,"minecraft:damage_taken":22884,"minecraft:swim_one_cm":25057,"minecraft:fly_one_cm":7878326,"minecraft:open_chest":559,"minecraft:aviate_one_cm":1098704,"minecraft:fall_one_cm":177229},"minecraft:crafted":{"minecraft:oak_planks":80,"minecraft:smooth_stone":3,"epicfight:iron_spear":1,"minecraft:cooked_chicken":8,"minecraft:stone":204,"minecraft:cobblestone_stairs":40,"minecraft:nether_brick":0,"minecraft:cooked_mutton":34,"minecraft:glass":10,"minecraft:iron_boots":1,"minecraft:chest":15,"jet_and_elias_armors:raider_light_variant_chestplate":1,"minecraft:smoker":1,"minecraft:emerald":15,"minecraft:cooked_porkchop":47,"minecraft:crafting_table":2,"minecraft:iron_helmet":1,"minecraft:wooden_pickaxe":1,"minecraft:baked_potato":144,"minecraft:copper_ingot":11,"farmersdelight:fried_egg":15,"minecraft:iron_chestplate":1,"minecraft:stick":20,"minecraft:iron_ingot":76,"minecraft:iron_pickaxe":1,"minecraft:gold_ingot":4,"minecraft:shears":1,"minecraft:furnace":7,"minecraft:blast_furnace":1,"minecraft:spruce_stairs":24,"minecraft:iron_axe":1,"minecraft:stone_pickaxe":1,"minecraft:cooked_beef":97,"minecraft:air":0,"justhammers:iron_hammer":2,"minecraft:iron_leggings":1,"minecraft:white_bed":1,"minecraft:acacia_planks":216,"minecraft:torch":24}},"DataVersion":2975}