{"stats":{"minecraft:crafted":{"minecraft:oak_planks":144,"minecraft:chain":9,"minecraft:heavy_weighted_pressure_plate":1,"jet_and_elias_armors:mercenary_gear_chestplate":1,"minecraft:chest":2,"minecraft:crafting_table":1,"minecraft:yellow_dye":4,"minecraft:shield":1,"minecraft:stick":64,"minecraft:iron_pickaxe":2,"minecraft:iron_ingot":41,"minecraft:shears":1,"minecraft:stone_shovel":2,"minecraft:iron_nugget":27,"minecraft:furnace":1,"epicfight:glove":1,"minecraft:iron_axe":3,"minecraft:ladder":30,"minecraft:iron_hoe":1,"minecraft:wheat":36,"minecraft:red_dye":2,"minecraft:dried_kelp":7,"minecraft:bread":34,"minecraft:air":0,"farmersdelight:vegetable_soup":0,"minecraft:iron_shovel":1,"minecraft:torch":16,"jet_and_elias_armors:raider_armor_chestplate":1},"minecraft:mined":{"orcz:orcamanita":5,"minecraft:oak_sapling":3,"farmersdelight:rich_soil":1,"minecraft:grass_block":379,"minecraft:iron_ore":34,"minecraft:torch":26,"minecraft:chest":4,"minecraft:dead_bush":1,"minecraft:sugar_cane":2,"minecraft:oak_planks":107,"minecraft:wall_torch":16,"orcz:orcagaric":5,"minecraft:wheat":18,"minecraft:grass":71,"orcz:blue_orcshroom":2,"minecraft:oak_log":311,"minecraft:sand":1,"minecraft:dirt":109,"minecraft:oak_leaves":175,"farmersdelight:wild_carrots":1,"minecraft:ladder":3,"minecraft:hay_block":5,"minecraft:furnace":2,"minecraft:carrots":5,"farmersdelight:spruce_cabinet":1,"orcz:orcshroom":1,"minecraft:potatoes":119,"farmersdelight:rope":21,"minecraft:vine":19,"minecraft:stripped_oak_log":1,"minecraft:stone":58,"farmersdelight:cooking_pot":1,"minecraft:lily_of_the_valley":2,"minecraft:oak_fence":1,"minecraft:crafting_table":3,"minecraft:campfire":1,"minecraft:tall_grass":3,"minecraft:copper_ore":2,"minecraft:lapis_ore":5,"farmersdelight:wild_tomatoes":20,"minecraft:spruce_stairs":1,"farmersdelight:skillet":1,"minecraft:birch_leaves":4,"minecraft:yellow_bed":6,"minecraft:coal_ore":99,"minecraft:gold_ore":4},"minecraft:broken":{"minecraft:stone_shovel":2,"minecraft:shield":1,"minecraft:iron_axe":2},"minecraft:dropped":{"minecraft:iron_sword":2,"minecraft:porkchop":2,"minecraft:baked_potato":53,"minecraft:cooked_porkchop":1,"fantasyfurniture:venthyr/chest":1,"orcz:blue_orcshroom":3,"minecraft:saddle":1,"days_in_the_middle_ages:fishhook":1,"minecraft:item_frame":1,"minecraft:emerald":3,"minecraft:dirt":6,"mowziesmobs:umvuthana_mask_bliss":1,"paraglider:heart_container":2,"enchantedcharms:copper_charm":1,"minecraft:phantom_membrane":1,"jet_and_elias_armors:raider_armor_chestplate":1,"minecraft:armor_stand":6,"wom:agony":2,"mowziesmobs:umvuthana_mask_rage":1,"minecraft:cooked_chicken":1,"minecraft:wheat":3,"minecraft:rotten_flesh":8,"orcz:orcshroom":3,"exoticbirds:eggshell":4,"minecraft:poppy":3,"minecraft:ladder":1,"epicfight:glove":1,"minecraft:beef":30,"minecraft:egg":4,"farmersdelight:tomato_seeds":4,"minecraft:iron_ingot":4,"minecraft:bread":1,"minecraft:vine":1,"minecraft:wheat_seeds":20,"weaponmaster:tutorialbook":5,"minecraft:poisonous_potato":4,"minecraft:oak_fence":1,"minecraft:feather":2,"minecraft:iron_helmet":3,"minecraft:cobblestone":13,"minecraft:lead":1,"mowziesmobs:umvuthana_mask_fear":1,"orcz:orcagaric":6,"minecraft:apple":1,"minecraft:spruce_stairs":1,"mowziesmobs:wrought_axe":3,"epicfight:iron_longsword":3,"exoticbirds:owl_egg":1,"epicfight:iron_greatsword":1,"minecraft:iron_leggings":3,"mowziesmobs:wrought_helmet":4,"jet_and_elias_armors:raider_armor_leggings":2,"jet_and_elias_armors:raider_armor_boots":1,"decocraft:coin_pile_copper":20,"minecraft:raw_copper":8,"minecraft:experience_bottle":1,"minecraft:chicken":4,"orcz:orcamanita":7,"minecraft:iron_boots":3,"minecraft:stripped_oak_log":1,"minecraft:shears":2,"minecraft:filled_map":1,"minecraft:potato":209,"minecraft:shield":1,"farmersdelight:fried_egg":1,"mowziesmobs:umvuthana_mask_misery":1,"minecraft:iron_chestplate":3,"minecraft:diamond_pickaxe":1,"farmersdelight:horse_feed":2,"minecraft:carved_pumpkin":1,"exoticbirds:raw_birdmeat":3,"minecraft:brown_bed":1,"minecraft:spider_eye":1,"minecraft:bow":1,"farmersdelight:spruce_cabinet":1},"minecraft:custom":{"minecraft:interact_with_crafting_table":48,"minecraft:open_barrel":5,"minecraft:bell_ring":3,"minecraft:leave_game":22,"minecraft:time_since_death":3646,"minecraft:sprint_one_cm":1443808,"minecraft:damage_blocked_by_shield":205,"minecraft:drop":183,"minecraft:talked_to_villager":2,"minecraft:play_time":1281910,"minecraft:deaths":5,"minecraft:jump":6680,"minecraft:walk_on_water_one_cm":89146,"minecraft:interact_with_furnace":28,"minecraft:interact_with_cartography_table":15,"minecraft:sleep_in_bed":11,"minecraft:waystone_activated":6,"tombstone:sneak_grave":2,"minecraft:damage_dealt":12316,"minecraft:player_kills":1,"minecraft:crouch_one_cm":206273,"tombstone:undead_killed":9,"minecraft:interact_with_smoker":7,"minecraft:interact_with_smithing_table":1,"minecraft:mob_kills":68,"minecraft:interact_with_anvil":5,"minecraft:damage_dealt_resisted":53,"minecraft:climb_one_cm":516385,"minecraft:walk_one_cm":6775522,"minecraft:damage_dealt_absorbed":553,"minecraft:raid_win":1,"minecraft:sneak_time":37796,"minecraft:walk_under_water_one_cm":80212,"minecraft:interact_with_lectern":2,"minecraft:interact_with_blast_furnace":1,"minecraft:total_world_time":1281910,"tombstone:raider_killed":18,"minecraft:interact_with_grindstone":1,"minecraft:time_since_rest":3676,"minecraft:damage_taken":5300,"tombstone:cast_on_ally":1,"minecraft:swim_one_cm":50751,"minecraft:fly_one_cm":8699749,"minecraft:open_chest":146,"minecraft:fall_one_cm":430761},"minecraft:killed_by":{"orcz:orcsavagemace":1,"alexsmobs:crocodile":1,"minecraft:player":2,"mowziesmobs:ferrous_wroughtnaut":1},"minecraft:picked_up":{"minecraft:iron_chestplate":6,"minecraft:wheat":107,"travelersbackpack:bat":1,"minecraft:lead":3,"minecraft:brown_bed":1,"exoticbirds:owl_egg":2,"epicfight:iron_longsword":4,"minecraft:string":10,"minecraft:raw_copper":24,"minecraft:iron_leggings":7,"minecraft:armor_stand":7,"minecraft:experience_bottle":1,"minecraft:beetroot":1,"minecraft:furnace":2,"minecraft:iron_boots":5,"minecraft:stick":55,"minecraft:oak_fence":3,"minecraft:torch":42,"minecraft:spruce_stairs":1,"epicfight:skillbook":5,"minecraft:porkchop":2,"farmersdelight:fried_egg":1,"minecraft:rotten_flesh":8,"orcz:orcshroom":4,"epicfight:glove":1,"minecraft:carved_pumpkin":1,"farmersdelight:rope":21,"minecraft:cod":4,"minecraft:cobblestone":79,"farmersdelight:mixed_salad":1,"minecraft:feather":4,"orcz:orcteeth":77,"minecraft:potato":583,"minecraft:lantern":3,"minecraft:lapis_lazuli":84,"farmersdelight:tomato":11,"minecraft:dirt":672,"minecraft:name_tag":1,"minecraft:bone":11,"farmersdelight:iron_knife":1,"farmersdelight:wheat_dough":3,"epicfight:iron_greatsword":1,"minecraft:bow":3,"minecraft:wheat_seeds":127,"minecraft:raw_gold":12,"exoticbirds:eggshell":4,"minecraft:oak_planks":88,"farmersdelight:horse_feed":2,"minecraft:ghast_tear":2,"jet_and_elias_armors:raider_armor_leggings":2,"minecraft:cooked_porkchop":1,"farmersdelight:spruce_cabinet":1,"orcz:orcagaric":9,"minecraft:poisonous_potato":4,"minecraft:sand":1,"orcz:blue_orcshroom":4,"enchantedcharms:copper_charm":1,"minecraft:grass_block":1,"minecraft:lily_of_the_valley":2,"minecraft:writable_book":1,"minecraft:emerald":4,"minecraft:bread":1,"orcz:ironscrap":1,"minecraft:oak_sapling":53,"minecraft:diamond_pickaxe":1,"minecraft:charcoal":4,"minecraft:crafting_table":3,"minecraft:chicken":4,"minecraft:ladder":8,"paraglider:heart_container":2,"minecraft:chain":10,"minecraft:shield":1,"minecraft:heavy_weighted_pressure_plate":2,"minecraft:item_frame":2,"minecraft:compass":2,"minecraft:beef":30,"minecraft:poppy":11,"minecraft:chest":4,"minecraft:sugar_cane":5,"minecraft:phantom_membrane":1,"farmersdelight:kelp_roll_slice":3,"minecraft:egg":5,"jet_and_elias_armors:raider_armor_boots":1,"minecraft:raw_iron":34,"farmersdelight:tomato_seeds":27,"minecraft:trident":2,"minecraft:carrot":17,"minecraft:arrow":6,"minecraft:shears":4,"minecraft:hay_block":5,"mowziesmobs:umvuthana_mask_bliss":1,"minecraft:saddle":2,"minecraft:gold_ingot":8,"fantasyfurniture:venthyr/chest":1,"exoticbirds:raw_birdmeat":3,"minecraft:stripped_oak_log":1,"farmersdelight:rich_soil":1,"minecraft:salmon":2,"minecraft:leather":33,"minecraft:red_mushroom":5,"minecraft:filled_map":1,"minecraft:oak_log":342,"minecraft:yellow_bed":7,"minecraft:gunpowder":2,"mowziesmobs:wrought_axe":5,"farmersdelight:skillet":1,"mca:book_romance":3,"minecraft:apple":12,"mowziesmobs:umvuthana_mask_rage":1,"farmersdelight:cooking_pot":1,"minecraft:iron_ingot":138,"farmersdelight:fruit_salad":1,"minecraft:cooked_chicken":1,"weaponmaster:tutorialbook":4,"mowziesmobs:umvuthana_mask_misery":1,"minecraft:iron_sword":4,"decocraft:coin_pile_copper":20,"wom:agony":2,"jet_and_elias_armors:raider_armor_chestplate":2,"minecraft:dandelion":12,"mowziesmobs:wrought_helmet":4,"orcz:orcamanita":7,"farmersdelight:cabbage_leaf":18,"minecraft:spider_eye":5,"minecraft:iron_helmet":5,"cozy_home:grandfather_clock_spruce_bottom":1,"mowziesmobs:umvuthana_mask_fear":2,"minecraft:baked_potato":138,"tombstone:magic_scroll":2,"minecraft:coal":282,"minecraft:ender_pearl":3},"minecraft:used":{"farmersdelight:mixed_salad":1,"decocraft:candle_holder_wall_1_black_flipbook.00":3,"minecraft:writable_book":3,"decocraft:candle_holder_wall_2_gold_flipbook.00":1,"minecraft:iron_shovel":87,"decocraft:candle_holder_7_gold_flipbook.00":5,"minecraft:poppy":4,"farmersdelight:cabbage_rolls":9,"minecraft:spruce_slab":50,"decocraft:chile":1,"jet_and_elias_armors:bandit_armor_helmet":1,"minecraft:ladder":58,"minecraft:chest":6,"minecraft:shield":3,"minecraft:stone":68,"minecraft:iron_sword":155,"minecraft:bell":3,"exoticbirds:owl_spawn_egg":3,"minecraft:iron_chestplate":2,"minecraft:lily_of_the_valley":2,"minecraft:carrot":5,"fantasyfurniture:decorations/dunmer_pottery_1":1,"decocraft:medieval_high_canopy_bed_king_orange":1,"fantasyfurniture:venthyr/table_small_fancy":1,"decocraft:pizza_box_pepperoni":1,"fantasyfurniture:decorations/brewing_cauldron":2,"days_in_the_middle_ages:roof":20,"farmersdelight:vegetable_soup":1,"fantasyfurniture:decorations/venthyr_food_1":2,"minecraft:lava_bucket":5,"farmersdelight:tomato":2,"minecraft:grass_block":218,"minecraft:lantern":152,"cozy_home:table_spruce_single":15,"minecraft:iron_helmet":1,"fantasyfurniture:dunmer/chair":70,"minecraft:stone_bricks":236,"minecraft:item_frame":21,"decocraft:fishery":10,"days_in_the_middle_ages:fishhooksalmon":3,"minecraft:birch_trapdoor":8,"mcwdoors:spruce_nether_door":4,"fantasyfurniture:decorations/bolts_of_cloth":5,"farmersdelight:cutting_board":1,"minecraft:bow":26,"minecraft:hay_block":1,"minecraft:oak_sapling":23,"minecraft:furnace":3,"decocraft:bucket":1,"minecraft:egg":2,"days_in_the_middle_ages:roof_split":17,"fantasyfurniture:decorations/dunmer_pottery_0":1,"decocraft:plunger_red":1,"minecraft:potato":168,"fantasyfurniture:nordic/painting_small":4,"minecraft:stripped_spruce_wood":16,"days_in_the_middle_ages:roof_top":8,"farmersdelight:full_tatami_mat":2,"minecraft:deepslate_brick_wall":22,"epicfight:skillbook":6,"fantasyfurniture:venthyr/table_wide":9,"minecraft:oak_planks":211,"fantasyfurniture:dunmer/desk_right":1,"epicfight:iron_longsword":37,"mcwdoors:spruce_barn_door":2,"minecraft:sugar_cane":3,"decocraft:chandelier_1_black_flipbook.00":7,"minecraft:oak_leaves":2916,"decocraft:chandelier_chain_black":1,"minecraft:sand":1,"decocraft:piano_black":3,"decocraft:chandelier_medieval.00":2,"minecraft:sponge":1,"minecraft:stone_brick_wall":55,"days_in_the_middle_ages:cobweb_4":9,"fantasyfurniture:decorations/venthyr_food_0":1,"fantasyfurniture:decorations/bowl_mushroom_stew":3,"decocraft:fishing_net":2,"minecraft:dark_oak_log":37,"fantasyfurniture:decorations/nordic_soul_gems_light":1,"minecraft:bread":62,"minecraft:lectern":2,"days_in_the_middle_ages:fishhook":5,"fantasyfurniture:venthyr/table_wide_fancy":1,"decocraft:candle_holder_2_black_flipbook.00":2,"decocraft:barricade_2":4,"decocraft:barrel":2,"fantasyfurniture:venthyr/table_small":1,"jet_and_elias_armors:bandit_armor_boots":1,"minecraft:grindstone":6,"minecraft:dark_oak_fence":3,"farmersdelight:spruce_cabinet":5,"minecraft:chain":17,"minecraft:coarse_dirt":9,"fantasyfurniture:decorations/book_stack":9,"minecraft:oak_fence":109,"farmersdelight:kelp_roll_slice":3,"fantasyfurniture:royal/painting_wide":12,"jet_and_elias_armors:bandit_armor_chestplate":1,"minecraft:trident":10,"minecraft:iron_bars":5,"cozy_home:telescope":1,"minecraft:flint_and_steel":2,"cozy_home:grandfather_clock_spruce_bottom":2,"minecraft:carved_pumpkin":18,"minecraft:armor_stand":1,"minecraft:stone_shovel":279,"decocraft:candle_holder_4_silver_flipbook.00":1,"minecraft:spruce_planks":21,"jet_and_elias_armors:bandit_armor_leggings":1,"decocraft:candle_holder_4_gold_flipbook.00":2,"farmersdelight:rich_soil":1,"farmersdelight:rice_bag":1,"minecraft:stone_hoe":11,"minecraft:torch":65,"minecraft:dirt":594,"minecraft:anvil":2,"minecraft:target":1,"exoticbirds:owl_egg":1,"farmersdelight:carrot_crate":1,"minecraft:spruce_stairs":69,"days_in_the_middle_ages:fishhookempty":2,"days_in_the_middle_ages:animaltroughoakone":1,"decocraft:bucket_water":5,"minecraft:spruce_fence":28,"minecraft:granite":24,"days_in_the_middle_ages:sword_in_wall":1,"farmersdelight:rope":182,"minecraft:stone_brick_slab":7,"decocraft:toilet_1_gold":1,"minecraft:iron_block":66,"minecraft:iron_axe":503,"minecraft:oak_stairs":2,"epicfight:glove":66,"minecraft:iron_boots":1,"minecraft:barrel":4,"fantasyfurniture:dunmer/desk_left":1,"minecraft:white_stained_glass_pane":9,"farmersdelight:cooking_pot":2,"cozy_home:table_oak_single":1,"tombstone:gift":5,"days_in_the_middle_ages:cobweb_1":11,"minecraft:brown_bed":1,"jet_and_elias_armors:raider_armor_leggings":1,"minecraft:iron_leggings":2,"farmersdelight:potato_crate":2,"minecraft:wheat_seeds":57,"minecraft:water_bucket":26,"decocraft:gumball_machine":1,"minecraft:dirt_path":21,"farmersdelight:skillet":1,"minecraft:lead":3,"days_in_the_middle_ages:cart":2,"farmersdelight:tomato_crate":1,"minecraft:birch_planks":1,"fantasyfurniture:decorations/floating_tomes":1,"minecraft:baked_potato":34,"minecraft:cartography_table":10,"decocraft:desk_easel_canvas":1,"cozy_home:oak_chair":2,"minecraft:rail":32,"minecraft:vine":13,"minecraft:crafting_table":5,"minecraft:oak_slab":4,"decocraft:desk_easel_painted":4,"mcwdoors:spruce_mystic_door":2,"minecraft:campfire":41,"minecraft:painting":9,"minecraft:smoker":4,"cozy_home:stump_chair":7,"minecraft:oak_log":702,"days_in_the_middle_ages:skeleton_1":7,"fantasyfurniture:dunmer/wardrobe_bottom":2,"days_in_the_middle_ages:campfire":2,"minecraft:iron_pickaxe":210,"days_in_the_middle_ages:boat":11,"minecraft:map":23,"fantasyfurniture:dunmer/table_wide":5,"minecraft:spruce_trapdoor":15,"mcwdoors:spruce_waffle_door":2,"fantasyfurniture:dunmer/bookshelf":2,"minecraft:cobblestone":37,"fantasyfurniture:royal/painting_small":1,"minecraft:red_banner":3,"minecraft:bucket":37,"decocraft:beach_chair_red":5,"minecraft:yellow_bed":7,"alexsmobs:animal_dictionary":1,"minecraft:stripped_oak_log":21,"farmersdelight:fruit_salad":1,"fantasyfurniture:decorations/hanging_herbs":13,"minecraft:candle":5},"minecraft:killed":{"minecraft:spider":6,"exoticbirds:roadrunner":1,"minecraft:skeleton":2,"minecraft:pig":1,"orcz:goblinsavagemace":2,"minecraft:iron_golem":1,"minecraft:trader_llama":2,"minecraft:pillager":12,"minecraft:zombie":3,"orcz:snot":3,"orcz:orcshield":1,"minecraft:cow":8,"minecraft:vindicator":1,"minecraft:phantom":6,"minecraft:horse":6,"mowziesmobs:ferrous_wroughtnaut":3,"orcz:orcsavagemace":3,"minecraft:wandering_trader":1,"alexsmobs:crocodile":1,"orcz:goblin_2sword":1}},"DataVersion":2975}