{"stats":{"minecraft:killed_by":{"alexsmobs:crocodile":1,"minecraft:player":5,"mowziesmobs:ferrous_wroughtnaut":1,"mowziesmobs:umvuthana_raptor":1},"minecraft:broken":{"minecraft:shears":1,"minecraft:shield":1,"minecraft:iron_axe":2,"minecraft:iron_pickaxe":1,"minecraft:stone_shovel":2},"minecraft:crafted":{"minecraft:birch_boat":1,"minecraft:chain":9,"minecraft:glass":1,"jet_and_elias_armors:mercenary_gear_chestplate":1,"farmersdelight:wheat_dough":48,"minecraft:iron_pickaxe":2,"minecraft:stone_shovel":2,"minecraft:iron_nugget":36,"exoticbirds:nest":8,"minecraft:bone_meal":308,"minecraft:pink_dye":10,"minecraft:ladder":30,"farmersdelight:rice":4,"minecraft:wheat":36,"minecraft:dried_kelp":7,"farmersdelight:vegetable_soup":0,"minecraft:iron_shovel":1,"jet_and_elias_armors:mercenary_gear_leggings":1,"jet_and_elias_armors:raider_armor_chestplate":1,"minecraft:oak_planks":292,"minecraft:heavy_weighted_pressure_plate":3,"minecraft:chest":14,"minecraft:crafting_table":1,"minecraft:spruce_planks":8,"minecraft:baked_potato":78,"minecraft:birch_planks":44,"enchantedcharms:amethyst_charm":1,"minecraft:yellow_dye":4,"minecraft:shield":1,"minecraft:stick":64,"minecraft:iron_ingot":54,"minecraft:shears":1,"minecraft:furnace":1,"exoticbirds:egg_identifier":1,"epicfight:glove":1,"minecraft:iron_axe":3,"minecraft:iron_hoe":1,"minecraft:red_dye":2,"minecraft:iron_sword":1,"minecraft:bowl":136,"minecraft:bucket":2,"minecraft:bread":48,"minecraft:air":0,"minecraft:torch":16},"minecraft:mined":{"minecraft:jungle_leaves":1,"minecraft:granite":20,"minecraft:oxeye_daisy":1,"minecraft:dirt_path":1,"minecraft:small_amethyst_bud":1,"fantasyfurniture:decorations/venthyr_food_1":1,"minecraft:amethyst_cluster":4,"minecraft:torch":27,"minecraft:dead_bush":1,"minecraft:sugar_cane":23,"minecraft:amethyst_block":3,"minecraft:wheat":45,"minecraft:grass":140,"farmersdelight:wild_carrots":2,"minecraft:allium":1,"farmersdelight:wild_cabbages":7,"minecraft:andesite":5,"orcz:orcshroom":9,"minecraft:potatoes":152,"minecraft:vine":19,"minecraft:bamboo":3,"minecraft:lily_of_the_valley":3,"minecraft:stone_brick_slab":3,"minecraft:dandelion":1,"minecraft:campfire":1,"minecraft:tall_grass":3,"minecraft:copper_ore":2,"minecraft:deepslate_gold_ore":1,"farmersdelight:wild_tomatoes":20,"fantasyfurniture:dunmer/chair":2,"minecraft:diorite":3,"farmersdelight:skillet":3,"minecraft:birch_leaves":31,"minecraft:acacia_planks":1,"minecraft:gold_ore":19,"minecraft:fern":2,"minecraft:large_amethyst_bud":4,"orcz:orcamanita":30,"minecraft:oak_sapling":4,"farmersdelight:rich_soil":6,"minecraft:farmland":2,"minecraft:budding_amethyst":2,"minecraft:grass_block":516,"minecraft:composter":5,"minecraft:iron_ore":47,"minecraft:black_carpet":14,"minecraft:azure_bluet":1,"minecraft:melon_stem":1,"minecraft:medium_amethyst_bud":2,"minecraft:chest":4,"minecraft:oak_planks":107,"minecraft:wall_torch":17,"farmersdelight:sandy_shrub":15,"orcz:orcagaric":18,"minecraft:birch_log":11,"orcz:blue_orcshroom":10,"minecraft:oak_log":348,"minecraft:beetroots":78,"minecraft:sand":24,"minecraft:dirt":140,"minecraft:oak_leaves":449,"farmersdelight:onions":69,"exoticbirds:nest":1,"minecraft:ladder":3,"minecraft:large_fern":2,"minecraft:hay_block":5,"decocraft:desk_easel_painted":1,"minecraft:furnace":2,"minecraft:carrots":33,"farmersdelight:spruce_cabinet":1,"minecraft:peony":14,"farmersdelight:rope":21,"minecraft:lantern":8,"minecraft:stripped_oak_log":2,"minecraft:stone":89,"farmersdelight:cooking_pot":2,"minecraft:oak_fence":1,"minecraft:crafting_table":3,"minecraft:rose_bush":7,"minecraft:lapis_ore":5,"minecraft:spruce_stairs":1,"farmersdelight:wild_beetroots":20,"minecraft:sweet_berry_bush":2,"minecraft:ice":9,"minecraft:yellow_bed":6,"minecraft:coal_ore":116,"minecraft:cocoa":4,"fantasyfurniture:decorations/nordic_mead_bottles":1},"minecraft:dropped":{"exoticbirds:nest":1,"minecraft:iron_sword":2,"minecraft:porkchop":135,"minecraft:cooked_porkchop":1,"minecraft:saddle":2,"minecraft:red_mushroom":5,"minecraft:item_frame":1,"minecraft:emerald":3,"minecraft:dirt":9,"minecraft:grass":3,"mowziesmobs:umvuthana_mask_bliss":1,"paraglider:heart_container":2,"minecraft:phantom_membrane":2,"minecraft:sand":3,"exoticbirds:kiwi_egg":2,"jet_and_elias_armors:raider_armor_chestplate":1,"minecraft:bone":5,"alexsmobs:sopa_de_macaco":2,"wom:agony":2,"mowziesmobs:umvuthana_mask_rage":1,"minecraft:iron_nugget":3,"minecraft:cooked_chicken":1,"minecraft:wheat":3,"farmersdelight:cabbage":8,"minecraft:rotten_flesh":35,"minecraft:glowstone_dust":2,"alexsmobs:emu_egg":1,"epicfight:glove":1,"minecraft:ladder":1,"minecraft:beef":30,"minecraft:egg":11,"minecraft:iron_ingot":4,"farmersdelight:tomato_seeds":7,"minecraft:enchanted_book":1,"minecraft:wheat_seeds":81,"minecraft:feather":2,"minecraft:oak_fence":1,"minecraft:iron_helmet":3,"minecraft:cobblestone":14,"mowziesmobs:umvuthana_mask_fear":1,"minecraft:apple":1,"minecraft:granite":6,"minecraft:coal":2,"epicfight:iron_greatsword":1,"mowziesmobs:wrought_helmet":4,"decocraft:coin_pile_copper":99,"exoticbirds:kookaburra_egg":2,"minecraft:acacia_planks":1,"minecraft:stone_brick_slab":3,"minecraft:experience_bottle":1,"minecraft:chicken":4,"minecraft:iron_boots":3,"minecraft:shears":2,"decocraft:coin_pile_silver":51,"minecraft:potato":215,"minecraft:diamond_pickaxe":1,"farmersdelight:horse_feed":2,"exoticbirds:raw_birdmeat":3,"minecraft:carved_pumpkin":1,"minecraft:brown_bed":1,"minecraft:spider_eye":6,"minecraft:bow":2,"epicfight:skillbook":1,"minecraft:baked_potato":53,"fantasyfurniture:venthyr/chest":1,"days_in_the_middle_ages:fishhook":1,"enchantedcharms:copper_charm":1,"exoticbirds:booby_egg":3,"minecraft:armor_stand":6,"minecraft:gravel":2,"exoticbirds:eggshell":11,"minecraft:carrot":1,"minecraft:poppy":3,"minecraft:gunpowder":3,"minecraft:arrow":4,"farmersdelight:ratatouille":1,"minecraft:written_book":4,"minecraft:bread":1,"minecraft:vine":2,"weaponmaster:tutorialbook":15,"minecraft:poisonous_potato":5,"minecraft:lead":3,"minecraft:amethyst_block":1,"minecraft:spruce_stairs":1,"minecraft:grass_block":5,"mowziesmobs:wrought_axe":3,"minecraft:stick":14,"epicfight:iron_longsword":3,"exoticbirds:owl_egg":1,"minecraft:diorite":2,"minecraft:torch":1,"minecraft:green_dye":2,"minecraft:iron_leggings":3,"jet_and_elias_armors:raider_armor_leggings":2,"jet_and_elias_armors:raider_armor_boots":1,"minecraft:cactus":21,"farmersdelight:rotten_tomato":2,"minecraft:raw_copper":8,"minecraft:tuff":1,"minecraft:composter":4,"minecraft:tall_grass":2,"minecraft:stripped_oak_log":1,"minecraft:filled_map":1,"minecraft:shield":1,"farmersdelight:fried_egg":1,"mowziesmobs:umvuthana_mask_misery":1,"minecraft:iron_chestplate":3,"minecraft:andesite":5,"minecraft:oak_sapling":4,"farmersdelight:spruce_cabinet":1},"minecraft:killed":{"gaggle_of_golems:mossy_golem":2,"gaggle_of_golems:outstrecthed_tuff_golem":1,"exoticbirds:cardinal":1,"gaggle_of_golems:plank_golem":1,"gaggle_of_golems:redstone_golem":1,"minecraft:skeleton":16,"minecraft:iron_golem":2,"minecraft:pillager":19,"minecraft:zombie":18,"minecraft:cow":9,"minecraft:vindicator":3,"minecraft:horse":6,"mowziesmobs:ferrous_wroughtnaut":3,"exoticbirds:bluejay":1,"minecraft:wandering_trader":1,"minecraft:ravager":1,"alexsmobs:crocodile":1,"minecraft:witch":1,"minecraft:spider":20,"exoticbirds:roadrunner":2,"minecraft:pig":3,"minecraft:creeper":14,"minecraft:trader_llama":2,"mowziesmobs:umvuthana_raptor":1,"minecraft:vex":1,"minecraft:phantom":8,"gaggle_of_golems:grindstone_golem":1,"gaggle_of_golems:furnace_golem":3,"gaggle_of_golems:cobblestone_golem":2,"mowziesmobs:umvuthana_follower_raptor":3},"minecraft:used":{"minecraft:peony":6,"decocraft:bank":1,"farmersdelight:mixed_salad":1,"decocraft:candle_holder_wall_1_black_flipbook.00":3,"minecraft:writable_book":31,"exoticbirds:cockatoo_egg":3,"decocraft:candle_holder_7_gold_flipbook.00":5,"mowziesmobs:umvuthana_mask_fear":2,"minecraft:spruce_slab":50,"minecraft:poppy":8,"decocraft:chile":1,"minecraft:ladder":58,"minecraft:black_carpet":15,"minecraft:chest":18,"days_in_the_middle_ages:roof_corner":2,"minecraft:stone":155,"customnpcs:npcwand":1,"minecraft:farmland":8,"days_in_the_middle_ages:skeletonremains":1,"minecraft:lily_of_the_valley":3,"minecraft:skeleton_spawn_egg":10,"minecraft:blue_stained_glass":1,"fantasyfurniture:venthyr/table_small_fancy":1,"minecraft:azure_bluet":1,"minecraft:stripped_spruce_log":25,"days_in_the_middle_ages:roof":20,"farmersdelight:vegetable_soup":1,"fantasyfurniture:decorations/venthyr_food_1":9,"minecraft:lava_bucket":7,"mcwdoors:oak_nether_door":2,"minecraft:red_wool":364,"minecraft:grass_block":802,"cozy_home:spruce_chair":22,"fantasyfurniture:dunmer/chair":79,"exoticbirds:nest":23,"minecraft:stone_brick_stairs":16,"days_in_the_middle_ages:fishhooksalmon":3,"mcwdoors:spruce_nether_door":14,"fantasyfurniture:decorations/bolts_of_cloth":7,"travelersbackpack:red_sleeping_bag":4,"minecraft:bow":26,"minecraft:sweet_berries":8,"fantasyfurniture:decorations/venthyr_widow_bloom":2,"minecraft:oak_sapling":53,"minecraft:furnace":3,"minecraft:egg":9,"days_in_the_middle_ages:roof_split":23,"decocraft:plunger_red":4,"minecraft:potato":169,"fantasyfurniture:nordic/painting_small":4,"days_in_the_middle_ages:roof_top":36,"minecraft:spider_spawn_egg":14,"minecraft:deepslate_brick_wall":22,"gaggle_of_golems:cobblestone_golem_spawn_egg":2,"fantasyfurniture:venthyr/table_wide":9,"minecraft:diorite":29,"decocraft:broom":6,"minecraft:cow_spawn_egg":2,"days_in_the_middle_ages:guillotine_middle":8,"days_in_the_middle_ages:shaft":13,"fantasyfurniture:dunmer/desk_right":1,"minecraft:cactus":7,"epicfight:iron_longsword":37,"minecraft:composter":13,"mcwdoors:spruce_barn_door":2,"minecraft:oak_leaves":3074,"minecraft:dark_oak_trapdoor":17,"minecraft:sand":151,"decocraft:chandelier_medieval.00":2,"gaggle_of_golems:plank_golem_spawn_egg":39,"fantasyfurniture:decorations/venthyr_food_0":6,"fantasyfurniture:decorations/bowl_mushroom_stew":4,"decocraft:fishing_net":2,"minecraft:zombie_head":2,"fantasyfurniture:decorations/muffins_chocolate":2,"fantasyfurniture:decorations/venthyr_chalices":9,"minecraft:stone_button":9,"mcwdoors:oak_cottage_door":3,"minecraft:lectern":2,"cozy_home:counter_dark_oak_sink":1,"fantasyfurniture:venthyr/table_wide_fancy":1,"minecraft:polished_andesite_slab":10,"decocraft:barrel":20,"jet_and_elias_armors:bandit_armor_boots":1,"minecraft:dark_oak_fence":3,"farmersdelight:spruce_cabinet":5,"decocraft:dpop_ohmwrecker_091":1,"exoticbirds:peafowl_egg":1,"gaggle_of_golems:redstone_golem_spawn_egg":1,"exoticbirds:lyrebird_egg":3,"fantasyfurniture:decorations/book_stack":16,"fantasyfurniture:royal/painting_wide":12,"minecraft:oak_trapdoor":13,"jet_and_elias_armors:bandit_armor_chestplate":1,"exoticbirds:duck_egg":1,"minecraft:iron_bars":5,"exoticbirds:heron_egg":4,"minecraft:carved_pumpkin":18,"minecraft:armor_stand":2,"days_in_the_middle_ages:sword_pile":5,"decocraft:candle_holder_4_silver_flipbook.00":2,"decocraft:letter":2,"travelersbackpack:bat":4,"minecraft:torch":127,"days_in_the_middle_ages:barrel_beer":5,"minecraft:anvil":6,"minecraft:target":1,"exoticbirds:owl_egg":1,"days_in_the_middle_ages:animaltroughoakone":1,"decocraft:bucket_water":8,"days_in_the_middle_ages:sword_in_wall":9,"gaggle_of_golems:icy_golem_spawn_egg":1,"decocraft:toilet_1_gold":1,"fantasyfurniture:decorations/nordic_mead_bottles":34,"minecraft:iron_block":66,"minecraft:iron_axe":666,"minecraft:barrel":4,"exoticbirds:egg_identifier":1,"fantasyfurniture:decorations/tankards_milk":5,"minecraft:tall_grass":2,"farmersdelight:cooking_pot":3,"tombstone:gift":10,"farmersdelight:tomato_seeds":55,"fantasyfurniture:decorations/venthyr_tea_cups":1,"minecraft:pointed_dripstone":7,"days_in_the_middle_ages:cobweb_1":11,"farmersdelight:potato_crate":2,"minecraft:wheat_seeds":57,"minecraft:water_bucket":47,"decocraft:gumball_machine":2,"decocraft:toilet_2":1,"minecraft:dirt_path":24,"minecraft:birch_planks":1,"days_in_the_middle_ages:cart":5,"farmersdelight:tomato_crate":1,"fantasyfurniture:decorations/floating_tomes":18,"fantasyfurniture:decorations/venthyr_platter":46,"minecraft:lead":3,"minecraft:cartography_table":10,"exoticbirds:toucan_egg":5,"minecraft:rail":32,"minecraft:vine":13,"minecraft:oak_slab":17,"minecraft:crafting_table":9,"mcwdoors:spruce_mystic_door":2,"decocraft:desk_easel_painted":5,"minecraft:campfire":41,"minecraft:white_bed":4,"minecraft:dark_oak_fence_gate":20,"days_in_the_middle_ages:chain_block":11,"fantasyfurniture:nordic/sofa":4,"cozy_home:stump_chair":8,"days_in_the_middle_ages:fire_pit":1,"minecraft:oak_log":886,"days_in_the_middle_ages:skeleton_1":7,"fantasyfurniture:dunmer/wardrobe_bottom":2,"minecraft:oxeye_daisy":6,"gaggle_of_golems:mossy_golem_spawn_egg":18,"days_in_the_middle_ages:campfire":7,"minecraft:iron_pickaxe":343,"minecraft:pig_spawn_egg":10,"fantasyfurniture:dunmer/table_wide":10,"minecraft:spruce_trapdoor":15,"fantasyfurniture:nordic/lockbox":1,"days_in_the_middle_ages:windowbottom":1,"fantasyfurniture:dunmer/bookshelf":2,"minecraft:cobblestone":37,"exoticbirds:penguin_egg":1,"minecraft:glass_pane":12,"minecraft:stripped_oak_log":86,"minecraft:dandelion":4,"minecraft:candle":5,"exoticbirds:cardinal_spawn_egg":1,"decocraft:candle_holder_wall_2_gold_flipbook.00":1,"minecraft:iron_shovel":197,"farmersdelight:cabbage_rolls":18,"jet_and_elias_armors:bandit_armor_helmet":1,"minecraft:bone_block":37,"days_in_the_middle_ages:tripod_kettle_stand":1,"minecraft:oak_sign":1,"minecraft:shield":3,"days_in_the_middle_ages:gallow_bottom":8,"minecraft:iron_sword":212,"minecraft:zombie_spawn_egg":9,"minecraft:grass":12,"minecraft:bell":3,"exoticbirds:owl_spawn_egg":3,"minecraft:iron_chestplate":2,"alexsmobs:spawn_egg_catfish":3,"decocraft:toilet_paper_silver":4,"fantasyfurniture:decorations/nordic_boiled_creme_treats":4,"minecraft:carrot":96,"decocraft:medieval_high_canopy_bed_king_orange":1,"fantasyfurniture:decorations/dunmer_pottery_1":2,"decocraft:pizza_box_pepperoni":1,"minecraft:milk_bucket":1,"fantasyfurniture:decorations/brewing_cauldron":13,"exoticbirds:gull_egg":1,"days_in_the_middle_ages:well":1,"farmersdelight:tomato":20,"gaggle_of_golems:iron_golem_spawn_egg":3,"minecraft:lantern":259,"decocraft:barrel_red_apple":1,"cozy_home:table_spruce_single":53,"mowziesmobs:clawed_log":1,"minecraft:iron_helmet":1,"exoticbirds:kiwi_egg":3,"cozy_home:tent":4,"minecraft:stone_bricks":518,"minecraft:item_frame":23,"decocraft:fishery":10,"minecraft:birch_trapdoor":8,"minecraft:red_carpet":2,"farmersdelight:cutting_board":1,"minecraft:hay_block":1,"minecraft:written_book":8,"fantasyfurniture:decorations/cookie_jar":1,"minecraft:beetroot_seeds":77,"decocraft:bucket":2,"decocraft:gumball_machine_tall":1,"fantasyfurniture:decorations/dunmer_pottery_0":3,"minecraft:stripped_spruce_wood":40,"farmersdelight:full_tatami_mat":2,"epicfight:skillbook":9,"fantasyfurniture:dunmer/sofa":1,"minecraft:oak_planks":503,"minecraft:sandstone":110,"minecraft:sugar_cane":42,"decocraft:chandelier_1_black_flipbook.00":7,"fantasyfurniture:decorations/nordic_sweetrolls":3,"decocraft:chandelier_chain_black":1,"decocraft:piano_black":3,"mcwdoors:dark_oak_nether_door":1,"minecraft:sponge":1,"minecraft:stone_brick_wall":118,"minecraft:shears":237,"days_in_the_middle_ages:cobweb_4":9,"minecraft:creeper_spawn_egg":10,"farmersdelight:ratatouille":8,"decocraft:pub":1,"decocraft:candle_holder_3_gold_flipbook.00":2,"minecraft:dark_oak_log":37,"fantasyfurniture:decorations/paper_stack":1,"days_in_the_middle_ages:well_roof_spruce":6,"fantasyfurniture:decorations/nordic_soul_gems_light":1,"minecraft:bread":77,"days_in_the_middle_ages:fishhook":5,"decocraft:candle_holder_2_black_flipbook.00":2,"exoticbirds:roadrunner_egg":1,"decocraft:barricade_2":4,"days_in_the_middle_ages:campfire_off":1,"fantasyfurniture:venthyr/table_small":1,"exoticbirds:oak_birdcage":1,"exoticbirds:cardinal_egg":1,"minecraft:grindstone":7,"minecraft:andesite":40,"exoticbirds:booby_egg":4,"minecraft:chain":30,"days_in_the_middle_ages:gallow_middle":21,"minecraft:coarse_dirt":9,"minecraft:bone_meal":249,"minecraft:oak_fence":392,"farmersdelight:kelp_roll_slice":3,"minecraft:trident":295,"minecraft:rose_bush":10,"cozy_home:telescope":1,"minecraft:flint_and_steel":2,"cozy_home:grandfather_clock_spruce_bottom":2,"minecraft:stone_shovel":279,"minecraft:spruce_planks":21,"jet_and_elias_armors:bandit_armor_leggings":1,"decocraft:candle_holder_4_gold_flipbook.00":2,"exoticbirds:kookaburra_egg":12,"gaggle_of_golems:tuff_golem_spawn_egg":1,"farmersdelight:rich_soil":6,"farmersdelight:rice_bag":1,"minecraft:stone_hoe":11,"minecraft:oak_door":3,"exoticbirds:bluejay_spawn_egg":2,"minecraft:dirt":795,"exoticbirds:macaw_egg":3,"exoticbirds:pigeon_egg":5,"farmersdelight:carrot_crate":1,"minecraft:spruce_stairs":69,"fantasyfurniture:necrolord/lockbox":3,"days_in_the_middle_ages:fishhookempty":2,"decocraft:butcher":3,"minecraft:granite":37,"minecraft:spruce_fence":37,"farmersdelight:rope":185,"alexsmobs:spawn_egg_terrapin":3,"minecraft:iron_hoe":113,"minecraft:stone_brick_slab":55,"minecraft:dark_oak_planks":6,"exoticbirds:robin_egg":5,"minecraft:oak_stairs":145,"exoticbirds:pelican_egg":4,"gaggle_of_golems:furnace_golem_spawn_egg":19,"epicfight:glove":408,"minecraft:iron_boots":1,"fantasyfurniture:dunmer/desk_left":1,"exoticbirds:duck_spawn_egg":1,"minecraft:white_stained_glass_pane":9,"cozy_home:table_oak_single":1,"jet_and_elias_armors:raider_armor_leggings":1,"minecraft:iron_leggings":2,"minecraft:beetroot_soup":1,"minecraft:brown_bed":1,"minecraft:amethyst_block":2,"minecraft:cobblestone_stairs":2,"farmersdelight:skillet":3,"decocraft:toilet_1":3,"minecraft:baked_potato":70,"fantasyfurniture:decorations/coin_stack_iron":2,"minecraft:birch_boat":4,"minecraft:stonecutter":1,"days_in_the_middle_ages:welltaking":12,"cozy_home:dark_oak_mirror":3,"decocraft:desk_easel_canvas":1,"farmersdelight:onion":98,"cozy_home:oak_chair":2,"days_in_the_middle_ages:handcrank":5,"fantasyfurniture:decorations/muffins_blueberry":3,"days_in_the_middle_ages:roof_top_corner":2,"minecraft:painting":9,"minecraft:infested_stone_bricks":29,"minecraft:smoker":4,"fantasyfurniture:dunmer/oven":2,"tombstone:bag_of_seeds":4,"exoticbirds:kingfisher_egg":1,"minecraft:wooden_hoe":1,"minecraft:apple":8,"days_in_the_middle_ages:boat":13,"minecraft:map":23,"mcwdoors:spruce_waffle_door":2,"occ:redqueen":6,"fantasyfurniture:royal/painting_small":1,"fantasyfurniture:venthyr/sofa":6,"minecraft:bucket":52,"minecraft:red_banner":20,"decocraft:beach_chair_red":5,"exoticbirds:budgerigar_egg":2,"minecraft:yellow_bed":7,"alexsmobs:animal_dictionary":2,"farmersdelight:fruit_salad":1,"gaggle_of_golems:grindstone_golem_spawn_egg":1,"fantasyfurniture:decorations/hanging_herbs":16},"minecraft:custom":{"minecraft:interact_with_crafting_table":66,"minecraft:open_barrel":7,"minecraft:bell_ring":12,"minecraft:leave_game":57,"minecraft:time_since_death":462735,"minecraft:damage_blocked_by_shield":205,"minecraft:play_time":2833485,"minecraft:deaths":10,"minecraft:jump":12902,"minecraft:interact_with_furnace":67,"minecraft:interact_with_cartography_table":15,"minecraft:sleep_in_bed":28,"minecraft:waystone_activated":6,"tombstone:sneak_grave":2,"minecraft:damage_dealt":23661,"tombstone:undead_killed":40,"minecraft:interact_with_smoker":9,"minecraft:interact_with_smithing_table":2,"minecraft:interact_with_anvil":7,"minecraft:damage_dealt_absorbed":3519,"minecraft:sneak_time":65961,"minecraft:interact_with_lectern":2,"minecraft:interact_with_blast_furnace":1,"minecraft:total_world_time":2833485,"tombstone:raider_killed":31,"minecraft:time_since_rest":184493,"tombstone:cast_on_ally":1,"minecraft:swim_one_cm":86994,"minecraft:fly_one_cm":19907545,"minecraft:open_chest":330,"minecraft:fall_one_cm":968802,"minecraft:animals_bred":4,"minecraft:sprint_one_cm":2592332,"minecraft:drop":379,"minecraft:talked_to_villager":2,"minecraft:walk_on_water_one_cm":160531,"minecraft:player_kills":1,"minecraft:crouch_one_cm":285045,"minecraft:mob_kills":167,"minecraft:damage_dealt_resisted":77,"minecraft:climb_one_cm":1310878,"minecraft:walk_one_cm":13626439,"minecraft:raid_win":2,"minecraft:walk_under_water_one_cm":243278,"minecraft:boat_one_cm":486865,"minecraft:interact_with_grindstone":1,"minecraft:damage_taken":9877},"minecraft:picked_up":{"minecraft:iron_chestplate":6,"days_in_the_middle_ages:shaft":4,"minecraft:lead":9,"farmersdelight:rice_panicle":60,"minecraft:brown_bed":1,"minecraft:enchanted_book":1,"exoticbirds:owl_egg":15,"epicfight:iron_longsword":4,"fantasyfurniture:decorations/nordic_mead_bottles":1,"minecraft:amethyst_block":3,"minecraft:string":30,"exoticbirds:heron_egg":3,"minecraft:beetroot":106,"minecraft:written_book":3,"fantasyfurniture:dunmer/chair":2,"minecraft:composter":5,"minecraft:brown_carpet":4,"farmersdelight:onion":297,"minecraft:carved_pumpkin":1,"farmersdelight:rope":21,"minecraft:birch_log":11,"minecraft:feather":9,"farmersdelight:tomato":61,"minecraft:lantern":20,"farmersdelight:wheat_dough":3,"epicfight:iron_greatsword":1,"minecraft:glowstone_dust":4,"exoticbirds:eggshell":44,"farmersdelight:spruce_cabinet":1,"enchantedcharms:copper_charm":1,"minecraft:writable_book":1,"minecraft:granite":19,"minecraft:bread":1,"minecraft:diamond_pickaxe":1,"minecraft:crafting_table":3,"exoticbirds:pigeon_egg":2,"exoticbirds:peafowl_egg":1,"paraglider:heart_container":2,"minecraft:heavy_weighted_pressure_plate":2,"minecraft:compass":2,"minecraft:beef":33,"minecraft:iron_nugget":4,"minecraft:poppy":11,"minecraft:chest":4,"minecraft:birch_sapling":1,"minecraft:egg":6,"farmersdelight:tomato_seeds":28,"minecraft:carrot":198,"minecraft:redstone":105,"minecraft:beetroot_seeds":294,"minecraft:peony":11,"minecraft:shears":4,"minecraft:hay_block":5,"mowziesmobs:umvuthana_mask_bliss":1,"minecraft:gold_ingot":8,"fantasyfurniture:venthyr/chest":1,"minecraft:bone_block":22,"exoticbirds:raw_birdmeat":8,"minecraft:oxeye_daisy":1,"minecraft:stripped_oak_log":2,"fantasyfurniture:decorations/paper_stack":1,"minecraft:birch_leaves":18,"minecraft:filled_map":1,"minecraft:red_mushroom":10,"minecraft:oak_log":379,"farmersdelight:skillet":3,"mowziesmobs:wrought_axe":5,"decocraft:desk_easel_painted":1,"exoticbirds:cockatoo_egg":8,"mowziesmobs:umvuthana_mask_rage":1,"minecraft:apple":13,"farmersdelight:cooking_pot":2,"tombstone:bag_of_seeds":1,"weaponmaster:tutorialbook":8,"minecraft:iron_sword":4,"jet_and_elias_armors:raider_armor_chestplate":2,"minecraft:gravel":4,"farmersdelight:cabbage_leaf":34,"mowziesmobs:umvuthana_mask_fear":2,"minecraft:baked_potato":138,"minecraft:ender_pearl":3,"minecraft:black_carpet":15,"minecraft:wheat":132,"travelersbackpack:bat":1,"minecraft:raw_copper":24,"minecraft:iron_leggings":7,"minecraft:armor_stand":7,"minecraft:experience_bottle":1,"farmersdelight:cabbage":30,"exoticbirds:macaw_egg":1,"minecraft:rose_bush":7,"farmersdelight:cabbage_seeds":7,"minecraft:iron_boots":5,"minecraft:furnace":2,"minecraft:stick":78,"farmersdelight:rotten_tomato":2,"minecraft:oak_fence":3,"minecraft:torch":47,"minecraft:spruce_stairs":1,"epicfight:skillbook":8,"minecraft:porkchop":71,"tombstone:grave_dust":9,"minecraft:diorite":4,"minecraft:vine":1,"farmersdelight:fried_egg":1,"minecraft:rotten_flesh":35,"epicfight:glove":1,"alexsmobs:emu_egg":1,"farmersdelight:raw_pasta":48,"minecraft:cod":4,"minecraft:cobblestone":107,"farmersdelight:mixed_salad":1,"exoticbirds:kiwi_egg":7,"minecraft:andesite":7,"minecraft:potato":735,"minecraft:tuff":1,"minecraft:lapis_lazuli":84,"minecraft:dirt":843,"minecraft:name_tag":1,"minecraft:bone":22,"minecraft:acacia_planks":1,"farmersdelight:iron_knife":1,"minecraft:bow":5,"minecraft:wheat_seeds":273,"minecraft:raw_gold":28,"minecraft:bamboo":41,"minecraft:oak_planks":88,"farmersdelight:horse_feed":2,"minecraft:ghast_tear":2,"jet_and_elias_armors:raider_armor_leggings":2,"minecraft:cooked_porkchop":1,"minecraft:poisonous_potato":5,"minecraft:sand":26,"exoticbirds:mystery_egg":7,"minecraft:grass_block":2,"minecraft:lily_of_the_valley":3,"tombstone:familiar_stone":2,"alexsmobs:rainbow_glass":1,"minecraft:bone_meal":1,"minecraft:grass":3,"minecraft:emerald":4,"minecraft:oak_sapling":67,"minecraft:oak_leaves":212,"minecraft:cocoa_beans":5,"minecraft:charcoal":4,"minecraft:azure_bluet":1,"fantasyfurniture:decorations/venthyr_food_1":1,"minecraft:chicken":4,"minecraft:ladder":8,"minecraft:chain":10,"minecraft:shield":1,"minecraft:item_frame":4,"minecraft:sugar_cane":42,"farmersdelight:kelp_roll_slice":3,"minecraft:phantom_membrane":2,"minecraft:raw_iron":47,"jet_and_elias_armors:raider_armor_boots":1,"minecraft:stone_button":1,"minecraft:cookie":9,"minecraft:trident":3,"minecraft:arrow":19,"exoticbirds:booby_egg":8,"minecraft:saddle":4,"farmersdelight:rich_soil":6,"alexsmobs:sopa_de_macaco":1,"minecraft:salmon":2,"minecraft:leather":35,"minecraft:yellow_bed":7,"minecraft:gunpowder":13,"mca:book_romance":3,"exoticbirds:toucan_egg":5,"exoticbirds:kookaburra_egg":8,"minecraft:red_carpet":1,"decocraft:coin_pile_silver":51,"minecraft:iron_ingot":138,"farmersdelight:fruit_salad":1,"minecraft:cooked_chicken":1,"exoticbirds:robin_egg":1,"decocraft:coin_pile_copper":99,"mowziesmobs:umvuthana_mask_misery":1,"minecraft:green_dye":2,"wom:agony":2,"minecraft:scaffolding":2,"exoticbirds:budgerigar_egg":1,"minecraft:birch_boat":3,"minecraft:stone_brick_slab":3,"minecraft:dandelion":13,"fantasyfurniture:decorations/book_stack":7,"minecraft:amethyst_shard":18,"mowziesmobs:wrought_helmet":4,"minecraft:red_banner":2,"minecraft:spider_eye":10,"minecraft:iron_helmet":5,"cozy_home:grandfather_clock_spruce_bottom":1,"exoticbirds:pelican_egg":3,"tombstone:magic_scroll":5,"customnpcs:npcwand":1,"minecraft:coal":301}},"DataVersion":2975}