{
    "CompleterNpc": "Itageraya",
    "NextQuestId": -1,
    "RandomReward": 0b,
    "QuestRepeat": 4,
    "QuestCompletion": 1,
    "Title": "Itageraya",
    "Text": "¿Creeper y Arañas? Que miedo....",
    "QuestFactionPoints": {
        "DecreaseFaction1Points": 0b,
        "OptionFaction2Points": 100,
        "OptionFactions1": -1,
        "OptionFactions2": -1,
        "OptionFaction1Points": 100,
        "DecreaseFaction2Points": 0b
    },
    "RewardExp": 0,
    "QuestCommand": "",
    "QuestDialogs": [
        {
            "Value": 10,
            "Slot": "minecraft:creeper"
        },
        {
            "Value": 10,
            "Slot": "minecraft:spider"
        }
    ],
    "ModRev": 18,
    "Type": 2,
    "QuestMail": {
        "Sender": "",
        "BeenRead": 0b,
        "Message": {
        },
        "MailItems": [
        ],
        "MailQuest": -1,
        "TimePast": 1716659520766L,
        "Time": 0L,
        "Subject": ""
    },
    "Rewards": {
        "NpcMiscInv": [
            {
                "Slot": 0b,
                "ForgeCaps": {
                    "customnpcs:itemscripteddata": {
                    }
                },
                "id": "decocraft:coin_pile_copper",
                "Count": 32b
            }
        ]
    },
    "CompleteText": "¡Mision Completada!"
}
